Account No,DATE,TRANSACTION DETAILS,VALUE DATE,BALANCE AMT,AMOUNT,TYPE,CATEGORY
KZ57163314100,2024-01-01,CHOCOFOOD ORDER,2024-01-01,139977.3,-6891.83,DEBIT,Food & Dining
KZ57163314100,2024-01-02,АЗС SINOOIL FUEL,2024-01-02,217164.28,-14811.17,DEBIT,Transport
KZ57163314100,2024-01-03,СТИПЕНДИЯ + ПОДРАБОТКА,2024-01-03,236216.96,76216.96,CREDIT,Income
KZ57163314100,2024-01-03,GLOVO*ORDER,2024-01-03,206491.26,-10673.02,DEBIT,Food & Dining
KZ57163314100,2024-01-03,CHOCOFOOD ORDER,2024-01-03,92218.97,-3690.06,DEBIT,Food & Dining
KZ57163314100,2024-01-04,АЗС SINOOIL FUEL,2024-01-04,-30211.6,-14411.73,DEBIT,Transport
KZ57163314100,2024-01-07,FLY ARYSTAN,2024-01-07,-51338.6,-18292.07,DEBIT,Transport
KZ57163314100,2024-01-07,WOLT DELIVERY,2024-01-07,-4014.03,-9080.11,DEBIT,Food & Dining
KZ57163314100,2024-01-08,YOUTUBE PREMIUM,2024-01-08,165551.35,-841.5,DEBIT,Entertainment
KZ57163314100,2024-01-09,LOCAL CAFE,2024-01-09,95909.03,-2685.44,DEBIT,Food & Dining
KZ57163314100,2024-01-10,MCDONALDS ALMATY,2024-01-10,23594.77,-3540.62,DEBIT,Food & Dining
KZ57163314100,2024-01-12,WILDBERRIES KZ,2024-01-12,86249.49,-5969.49,DEBIT,Shopping
KZ57163314100,2024-01-13,KFC ALMATY,2024-01-13,18269.19,-5325.59,DEBIT,Food & Dining
KZ57163314100,2024-01-13,ALMATY ENERGO ELECTRIC,2024-01-13,48486.07,-12725.54,DEBIT,Utilities
KZ57163314100,2024-01-14,ЖКХ КОММУНАЛКА,2024-01-14,146869.13,-18139.53,DEBIT,Utilities
KZ57163314100,2024-01-15,TECHNODOM KZ,2024-01-15,61211.61,-18292.07,DEBIT,Shopping
KZ57163314100,2024-01-19,NETFLIX SUBSCRIPTION,2024-01-19,231975.46,-4241.5,DEBIT,Entertainment
KZ57163314100,2024-01-20,KTZ RAILWAY TICKET,2024-01-20,127344.86,-12632.43,DEBIT,Transport
KZ57163314100,2024-01-20,CHOCOFOOD ORDER,2024-01-20,45427.46,-3058.61,DEBIT,Food & Dining
KZ57163314100,2024-01-20,WOLT DELIVERY,2024-01-20,184684.92,-3514.27,DEBIT,Food & Dining
KZ57163314100,2024-01-20,LOCAL CAFE,2024-01-20,124263.39,-3081.47,DEBIT,Food & Dining
KZ57163314100,2024-01-20,UNUSUAL LARGE TRANSACTION,2024-01-20,-134909.51,-76585.14,DEBIT,Other
KZ57163314100,2024-01-20,GLOVO*ORDER,2024-01-20,79503.68,-6745.81,DEBIT,Food & Dining
KZ57163314100,2024-01-21,YANDEX GO RIDE,2024-01-21,165008.67,-542.68,DEBIT,Transport
KZ57163314100,2024-01-21,ЖКХ КОММУНАЛКА,2024-01-21,27135.39,-18292.07,DEBIT,Utilities
KZ57163314100,2024-01-21,BURGER KING KZ,2024-01-21,118687.73,-3244.1,DEBIT,Food & Dining
KZ57163314100,2024-01-23,KASPI SHOP PURCHASE,2024-01-23,-58324.37,-6985.76,DEBIT,Shopping
KZ57163314100,2024-01-23,FLY ARYSTAN,2024-01-23,100395.66,-18292.07,DEBIT,Transport
KZ57163314100,2024-01-23,SMALL SUPERMARKET,2024-01-23,121931.83,-2331.56,DEBIT,Shopping
KZ57163314100,2024-01-24,STEAM GAMES,2024-01-24,188199.19,-18292.07,DEBIT,Entertainment
KZ57163314100,2024-01-24,GLOVO*ORDER,2024-01-24,-15799.87,-11785.84,DEBIT,Food & Dining
KZ57163314100,2024-01-25,METRO CASH AND CARRY,2024-01-25,166392.85,-18292.07,DEBIT,Shopping
KZ57163314100,2024-01-26,KFC ALMATY,2024-01-26,5066.08,-6370.75,DEBIT,Food & Dining
KZ57163314100,2024-01-28,INDRIVE TRIP,2024-01-28,98594.47,-1801.19,DEBIT,Transport
KZ57163314100,2024-01-29,BURGER KING KZ,2024-01-29,-33046.53,-2834.93,DEBIT,Food & Dining
KZ57163314100,2024-01-29,АЗС SINOOIL FUEL,2024-01-29,11436.83,-6832.36,DEBIT,Transport
KZ57163314100,2024-01-31,MCDONALDS ALMATY,2024-01-31,-57626.46,-2867.85,DEBIT,Food & Dining
KZ57163314100,2024-01-31,LOCAL CAFE,2024-01-31,-262730.15,-2082.07,DEBIT,Food & Dining
KZ57163314100,2024-01-31,ALMATY ENERGO ELECTRIC,2024-01-31,-203230.1,-9819.79,DEBIT,Utilities
KZ57163314100,2024-01-31,STEAM GAMES,2024-01-31,-77581.53,-8686.64,DEBIT,Entertainment
KZ57163314100,2024-02-01,CHOCOFOOD ORDER,2024-02-01,-179701.1,-4671.37,DEBIT,Food & Dining
KZ57163314100,2024-02-01,СТИПЕНДИЯ + ПОДРАБОТКА,2024-02-01,-53567.18,81342.32,CREDIT,Income
KZ57163314100,2024-02-03,KTZ RAILWAY TICKET,2024-02-03,-68894.89,-11268.43,DEBIT,Transport
KZ57163314100,2024-02-05,BURGER KING KZ,2024-02-05,-253999.16,-4414.17,DEBIT,Food & Dining
KZ57163314100,2024-02-05,WILDBERRIES KZ,2024-02-05,-222665.05,-19434.95,DEBIT,Shopping
KZ57163314100,2024-02-06,MCDONALDS ALMATY,2024-02-06,-186040.09,-1865.09,DEBIT,Food & Dining
KZ57163314100,2024-02-06,MCDONALDS ALMATY,2024-02-06,-54758.61,-1191.43,DEBIT,Food & Dining
KZ57163314100,2024-02-07,MCDONALDS ALMATY,2024-02-07,-91036.89,-1118.95,DEBIT,Food & Dining
KZ57163314100,2024-02-07,STEAM GAMES,2024-02-07,-193410.31,-7370.22,DEBIT,Entertainment
KZ57163314100,2024-02-08,YOUTUBE PREMIUM,2024-02-08,-171710.82,-841.5,DEBIT,Entertainment
KZ57163314100,2024-02-09,KFC ALMATY,2024-02-09,-89917.94,-1802.71,DEBIT,Food & Dining
KZ57163314100,2024-02-10,CHOCOFOOD ORDER,2024-02-10,-249584.99,-3861.43,DEBIT,Food & Dining
KZ57163314100,2024-02-11,ALMATY ENERGO ELECTRIC,2024-02-11,-98410.0,-6531.61,DEBIT,Utilities
KZ57163314100,2024-02-11,CHOCOFOOD ORDER,2024-02-11,-257104.32,-3105.16,DEBIT,Food & Dining
KZ57163314100,2024-02-12,SMALL SUPERMARKET,2024-02-12,-184175.0,-4473.9,DEBIT,Shopping
KZ57163314100,2024-02-14,TECHNODOM KZ,2024-02-14,-245723.56,-19522.16,DEBIT,Shopping
KZ57163314100,2024-02-16,CHOCOFOOD ORDER,2024-02-16,-141389.32,-7395.47,DEBIT,Food & Dining
KZ57163314100,2024-02-16,INDRIVE TRIP,2024-02-16,-258934.23,-1829.91,DEBIT,Transport
KZ57163314100,2024-02-16,SMALL SUPERMARKET,2024-02-16,-112025.17,-11963.35,DEBIT,Shopping
KZ57163314100,2024-02-17,SMALL SUPERMARKET,2024-02-17,-163583.63,-2672.16,DEBIT,Shopping
KZ57163314100,2024-02-17,GLOVO*ORDER,2024-02-17,-170869.32,-7285.69,DEBIT,Food & Dining
KZ57163314100,2024-02-20,YOUTUBE PREMIUM,2024-02-20,-91878.39,-841.5,DEBIT,Entertainment
KZ57163314100,2024-02-22,ALMATY ENERGO ELECTRIC,2024-02-22,-88115.23,-10533.7,DEBIT,Utilities
KZ57163314100,2024-02-23,KASPI SHOP PURCHASE,2024-02-23,-160911.48,-19522.16,DEBIT,Shopping
KZ57163314100,2024-02-26,MCDONALDS ALMATY,2024-02-26,-100061.82,-1651.82,DEBIT,Food & Dining
KZ57163314100,2024-02-26,INDRIVE TRIP,2024-02-26,-260648.07,-1713.84,DEBIT,Transport
KZ57163314100,2024-02-27,INDRIVE TRIP,2024-02-27,-223397.49,-732.44,DEBIT,Transport
KZ57163314100,2024-02-27,FLY ARYSTAN,2024-02-27,-133993.85,-19522.16,DEBIT,Transport
KZ57163314100,2024-02-27,BURGER KING KZ,2024-02-27,-114471.7,-2446.52,DEBIT,Food & Dining
KZ57163314100,2024-02-28,TELE2 KZ PAYMENT,2024-02-28,-226201.4,-2803.91,DEBIT,Utilities
KZ57163314100,2024-02-28,BURGER KING KZ,2024-02-28,-175029.73,-3318.91,DEBIT,Food & Dining
KZ57163314100,2024-03-02,GLOVO*ORDER,2024-03-02,-379829.99,-13285.67,DEBIT,Food & Dining
KZ57163314100,2024-03-02,NETFLIX SUBSCRIPTION,2024-03-02,-404702.18,-4740.5,DEBIT,Entertainment
KZ57163314100,2024-03-02,MAGNUM SUPERMARKET,2024-03-02,-300017.64,-16841.75,DEBIT,Shopping
KZ57163314100,2024-03-04,SULPAK ELECTRONICS,2024-03-04,-349225.1,-18716.19,DEBIT,Shopping
KZ57163314100,2024-03-04,KINOPARK TICKET,2024-03-04,-447047.12,-2209.49,DEBIT,Entertainment
KZ57163314100,2024-03-04,KTZ RAILWAY TICKET,2024-03-04,-497388.75,-18716.19,DEBIT,Transport
KZ57163314100,2024-03-04,MCDONALDS ALMATY,2024-03-04,-500715.96,-3327.21,DEBIT,Food & Dining
KZ57163314100,2024-03-04,WILDBERRIES KZ,2024-03-04,-235018.26,-18486.65,DEBIT,Shopping
KZ57163314100,2024-03-05,AIR ASTANA TICKET,2024-03-05,-399961.68,-18716.19,DEBIT,Transport
KZ57163314100,2024-03-05,AIR ASTANA TICKET,2024-03-05,-519432.15,-18716.19,DEBIT,Transport
KZ57163314100,2024-03-05,AIR ASTANA TICKET,2024-03-05,-264459.7,-18716.19,DEBIT,Transport
KZ57163314100,2024-03-05,GLOVO*ORDER,2024-03-05,-216531.61,-10876.31,DEBIT,Food & Dining
KZ57163314100,2024-03-06,СТИПЕНДИЯ + ПОДРАБОТКА,2024-03-06,-184746.02,77984.13,CREDIT,Income
KZ57163314100,2024-03-08,LOCAL CAFE,2024-03-08,-528945.0,-1804.11,DEBIT,Food & Dining
KZ57163314100,2024-03-09,SMALL SUPERMARKET,2024-03-09,-478672.56,-2152.52,DEBIT,Shopping
KZ57163314100,2024-03-09,METRO CASH AND CARRY,2024-03-09,-571687.31,-18716.19,DEBIT,Shopping
KZ57163314100,2024-03-10,SPOTIFY PREMIUM,2024-03-10,-381245.49,-1415.5,DEBIT,Entertainment
KZ57163314100,2024-03-11,GLOVO*ORDER,2024-03-11,-205655.3,-6816.33,DEBIT,Food & Dining
KZ57163314100,2024-03-12,CHOCOFOOD ORDER,2024-03-12,-198838.98,-9352.46,DEBIT,Food & Dining
KZ57163314100,2024-03-12,KINOPARK TICKET,2024-03-12,-444837.63,-2703.07,DEBIT,Entertainment
KZ57163314100,2024-03-13,YANDEX GO RIDE,2024-03-13,-330508.91,-2818.97,DEBIT,Transport
KZ57163314100,2024-03-13,NETFLIX SUBSCRIPTION,2024-03-13,-189486.52,-4740.5,DEBIT,Entertainment
KZ57163314100,2024-03-18,KTZ RAILWAY TICKET,2024-03-18,-442134.56,-18716.19,DEBIT,Transport
KZ57163314100,2024-03-18,KTZ RAILWAY TICKET,2024-03-18,-245743.51,-10725.24,DEBIT,Transport
KZ57163314100,2024-03-18,ЖКХ КОММУНАЛКА,2024-03-18,-366544.32,-17319.21,DEBIT,Utilities
KZ57163314100,2024-03-19,WOLT DELIVERY,2024-03-19,-552971.12,-10360.86,DEBIT,Food & Dining
KZ57163314100,2024-03-21,WILDBERRIES KZ,2024-03-21,-311433.65,-8837.85,DEBIT,Shopping
KZ57163314100,2024-03-23,АЗС SINOOIL FUEL,2024-03-23,-324194.34,-10071.49,DEBIT,Transport
KZ57163314100,2024-03-24,WILDBERRIES KZ,2024-03-24,-283175.89,-18716.19,DEBIT,Shopping
KZ57163314100,2024-03-24,BURGER KING KZ,2024-03-24,-523554.49,-4122.34,DEBIT,Food & Dining
KZ57163314100,2024-03-24,MAGNUM SUPERMARKET,2024-03-24,-457803.85,-8023.4,DEBIT,Shopping
KZ57163314100,2024-03-26,KINOPARK TICKET,2024-03-26,-302595.8,-2578.16,DEBIT,Entertainment
KZ57163314100,2024-03-26,KINOPARK TICKET,2024-03-26,-449780.45,-2733.32,DEBIT,Entertainment
KZ57163314100,2024-03-26,GLOVO*ORDER,2024-03-26,-542610.25,-13665.25,DEBIT,Food & Dining
KZ57163314100,2024-03-26,SULPAK ELECTRONICS,2024-03-26,-476520.04,-18716.19,DEBIT,Shopping
KZ57163314100,2024-03-27,KINOPARK TICKET,2024-03-27,-327689.95,-3495.61,DEBIT,Entertainment
KZ57163314100,2024-03-28,INDRIVE TRIP,2024-03-28,-314122.85,-2689.21,DEBIT,Transport
KZ57163314100,2024-03-29,METRO CASH AND CARRY,2024-03-29,-423418.37,-18716.19,DEBIT,Shopping
KZ57163314100,2024-03-29,CHAPLIN CINEMA,2024-03-29,-527140.89,-3586.4,DEBIT,Entertainment
KZ57163314100,2024-03-31,WOLT DELIVERY,2024-03-31,-581402.05,-8412.5,DEBIT,Food & Dining
KZ57163314100,2024-03-31,METRO CASH AND CARRY,2024-03-31,-761061.34,-19231.5,DEBIT,Shopping
KZ57163314100,2024-03-31,AIR ASTANA TICKET,2024-03-31,-572989.55,-19231.5,DEBIT,Transport
KZ57163314100,2024-04-01,YOUTUBE PREMIUM,2024-04-01,-685765.76,-940.5,DEBIT,Entertainment
KZ57163314100,2024-04-01,SPOTIFY PREMIUM,2024-04-01,-725644.27,-1415.5,DEBIT,Entertainment
KZ57163314100,2024-04-02,WOLT DELIVERY,2024-04-02,-765967.91,-4906.57,DEBIT,Food & Dining
KZ57163314100,2024-04-03,СТИПЕНДИЯ + ПОДРАБОТКА,2024-04-03,-491556.05,80131.26,CREDIT,Income
KZ57163314100,2024-04-03,CHOCOFOOD ORDER,2024-04-03,-684825.26,-5815.95,DEBIT,Food & Dining
KZ57163314100,2024-04-04,TECHNODOM KZ,2024-04-04,-836218.07,-19231.5,DEBIT,Shopping
KZ57163314100,2024-04-05,KFC ALMATY,2024-04-05,-811182.59,-3469.31,DEBIT,Food & Dining
KZ57163314100,2024-04-06,KAZAKHTELECOM INTERNET,2024-04-06,-816986.56,-5803.98,DEBIT,Utilities
KZ57163314100,2024-04-07,LOCAL CAFE,2024-04-07,-853403.32,-2601.2,DEBIT,Food & Dining
KZ57163314100,2024-04-07,FLY ARYSTAN,2024-04-07,-724228.77,-19231.5,DEBIT,Transport
KZ57163314100,2024-04-09,YANDEX GO RIDE,2024-04-09,-584350.24,-2948.19,DEBIT,Transport
KZ57163314100,2024-04-10,FLY ARYSTAN,2024-04-10,-704997.27,-19231.5,DEBIT,Transport
KZ57163314100,2024-04-12,АЗС SINOOIL FUEL,2024-04-12,-530263.81,-16451.38,DEBIT,Transport
KZ57163314100,2024-04-12,KASPI SHOP PURCHASE,2024-04-12,-672050.12,-19231.5,DEBIT,Shopping
KZ57163314100,2024-04-13,UNUSUAL LARGE TRANSACTION,2024-04-13,-981334.17,-108699.35,DEBIT,Other
KZ57163314100,2024-04-14,KCELL PAYMENT,2024-04-14,-770494.51,-4526.6,DEBIT,Utilities
KZ57163314100,2024-04-15,GLOVO*ORDER,2024-04-15,-797940.11,-13768.28,DEBIT,Food & Dining
KZ57163314100,2024-04-16,KTZ RAILWAY TICKET,2024-04-16,-779232.16,-8737.64,DEBIT,Transport
KZ57163314100,2024-04-18,KTZ RAILWAY TICKET,2024-04-18,-741829.83,-11961.14,DEBIT,Transport
KZ57163314100,2024-04-18,LOCAL CAFE,2024-04-18,-628396.88,-3088.4,DEBIT,Food & Dining
KZ57163314100,2024-04-18,TECHNODOM KZ,2024-04-18,-603581.74,-19231.5,DEBIT,Shopping
KZ57163314100,2024-04-19,CHOCOFOOD ORDER,2024-04-19,-513812.43,-3024.88,DEBIT,Food & Dining
KZ57163314100,2024-04-20,LOCAL CAFE,2024-04-20,-807713.28,-1657.4,DEBIT,Food & Dining
KZ57163314100,2024-04-20,METRO CASH AND CARRY,2024-04-20,-647628.38,-19231.5,DEBIT,Shopping
KZ57163314100,2024-04-20,SULPAK ELECTRONICS,2024-04-20,-872634.82,-19231.5,DEBIT,Shopping
KZ57163314100,2024-04-22,METRO CASH AND CARRY,2024-04-22,-553758.05,-19231.5,DEBIT,Shopping
KZ57163314100,2024-04-22,BURGER KING KZ,2024-04-22,-652818.62,-5190.24,DEBIT,Food & Dining
KZ57163314100,2024-04-23,MCDONALDS ALMATY,2024-04-23,-784171.83,-3999.17,DEBIT,Food & Dining
KZ57163314100,2024-04-23,WOLT DELIVERY,2024-04-23,-806055.88,-8115.77,DEBIT,Food & Dining
KZ57163314100,2024-04-23,BURGER KING KZ,2024-04-23,-534526.55,-4262.74,DEBIT,Food & Dining
KZ57163314100,2024-04-23,KTZ RAILWAY TICKET,2024-04-23,-850802.12,-14584.05,DEBIT,Transport
KZ57163314100,2024-04-24,YOUTUBE PREMIUM,2024-04-24,-780172.66,-940.5,DEBIT,Entertainment
KZ57163314100,2024-04-26,MCDONALDS ALMATY,2024-04-26,-729868.69,-4224.42,DEBIT,Food & Dining
KZ57163314100,2024-04-26,AIR ASTANA TICKET,2024-04-26,-510787.55,-19231.5,DEBIT,Transport
KZ57163314100,2024-04-26,KAZAKHTELECOM INTERNET,2024-04-26,-679009.32,-6959.19,DEBIT,Utilities
KZ57163314100,2024-04-26,KASPI SHOP PURCHASE,2024-04-26,-618551.62,-14969.87,DEBIT,Shopping
KZ57163314100,2024-04-28,АЗС SINOOIL FUEL,2024-04-28,-625308.48,-6756.86,DEBIT,Transport
KZ57163314100,2024-04-30,CHOCOFOOD ORDER,2024-04-30,-1041784.74,-9646.69,DEBIT,Food & Dining
KZ57163314100,2024-04-30,BURGER KING KZ,2024-04-30,-908042.34,-4755.93,DEBIT,Food & Dining
KZ57163314100,2024-04-30,NETFLIX SUBSCRIPTION,2024-04-30,-1063772.83,-4990.0,DEBIT,Entertainment
KZ57163314100,2024-05-01,LOCAL CAFE,2024-05-01,-1119739.55,-3007.08,DEBIT,Food & Dining
KZ57163314100,2024-05-01,AIR ASTANA TICKET,2024-05-01,-1005312.08,-19124.37,DEBIT,Transport
KZ57163314100,2024-05-01,KINOPARK TICKET,2024-05-01,-947213.17,-3989.03,DEBIT,Entertainment
KZ57163314100,2024-05-02,BURGER KING KZ,2024-05-02,-915350.85,-5114.32,DEBIT,Food & Dining
KZ57163314100,2024-05-02,NETFLIX SUBSCRIPTION,2024-05-02,-984723.79,-4990.0,DEBIT,Entertainment
KZ57163314100,2024-05-02,ЖКХ КОММУНАЛКА,2024-05-02,-979733.79,-19124.37,DEBIT,Utilities
KZ57163314100,2024-05-03,АЗС SINOOIL FUEL,2024-05-03,-1054082.42,-7499.0,DEBIT,Transport
KZ57163314100,2024-05-03,INDRIVE TRIP,2024-05-03,-948725.57,-1512.4,DEBIT,Transport
KZ57163314100,2024-05-05,СТИПЕНДИЯ + ПОДРАБОТКА,2024-05-05,-901649.32,79684.85,CREDIT,Income
KZ57163314100,2024-05-07,GLOVO*ORDER,2024-05-07,-1116732.47,-14977.21,DEBIT,Food & Dining
KZ57163314100,2024-05-09,CHOCOFOOD ORDER,2024-05-09,-943224.13,-3805.63,DEBIT,Food & Dining
KZ57163314100,2024-05-09,YANDEX GO RIDE,2024-05-09,-1066931.94,-3159.1,DEBIT,Transport
KZ57163314100,2024-05-10,FLY ARYSTAN,2024-05-10,-1138649.52,-15151.55,DEBIT,Transport
KZ57163314100,2024-05-10,SMALL SUPERMARKET,2024-05-10,-1019875.97,-14563.89,DEBIT,Shopping
KZ57163314100,2024-05-10,INDRIVE TRIP,2024-05-10,-1032138.05,-2962.23,DEBIT,Transport
KZ57163314100,2024-05-11,INDRIVE TRIP,2024-05-11,-903286.41,-1637.09,DEBIT,Transport
KZ57163314100,2024-05-12,SULPAK ELECTRONICS,2024-05-12,-1086056.3,-19124.37,DEBIT,Shopping
KZ57163314100,2024-05-12,SMALL SUPERMARKET,2024-05-12,-910236.53,-2194.18,DEBIT,Shopping
KZ57163314100,2024-05-12,YOUTUBE PREMIUM,2024-05-12,-1087046.3,-990.0,DEBIT,Entertainment
KZ57163314100,2024-05-12,WOLT DELIVERY,2024-05-12,-1101755.26,-5101.03,DEBIT,Food & Dining
KZ57163314100,2024-05-14,YANDEX GO RIDE,2024-05-14,-1153897.53,-2540.02,DEBIT,Transport
KZ57163314100,2024-05-14,INDRIVE TRIP,2024-05-14,-939418.5,-1198.42,DEBIT,Transport
KZ57163314100,2024-05-15,MCDONALDS ALMATY,2024-05-15,-1056299.96,-2217.55,DEBIT,Food & Dining
KZ57163314100,2024-05-16,CHOCOFOOD ORDER,2024-05-16,-1163118.61,-9221.08,DEBIT,Food & Dining
KZ57163314100,2024-05-17,MCDONALDS ALMATY,2024-05-17,-986187.72,-1463.93,DEBIT,Food & Dining
KZ57163314100,2024-05-19,WOLT DELIVERY,2024-05-19,-1027946.42,-8070.45,DEBIT,Food & Dining
KZ57163314100,2024-05-20,SULPAK ELECTRONICS,2024-05-20,-934475.21,-19124.37,DEBIT,Shopping
KZ57163314100,2024-05-20,YANDEX GO RIDE,2024-05-20,-1175957.18,-1752.45,DEBIT,Transport
KZ57163314100,2024-05-21,KTZ RAILWAY TICKET,2024-05-21,-1151357.5,-12707.98,DEBIT,Transport
KZ57163314100,2024-05-21,BURGER KING KZ,2024-05-21,-1046583.42,-3308.68,DEBIT,Food & Dining
KZ57163314100,2024-05-22,АЗС HELIOS PETROL,2024-05-22,-1174204.73,-11086.12,DEBIT,Transport
KZ57163314100,2024-05-23,BURGER KING KZ,2024-05-23,-1123497.97,-3758.42,DEBIT,Food & Dining
KZ57163314100,2024-05-23,KCELL PAYMENT,2024-05-23,-938220.08,-3744.87,DEBIT,Utilities
KZ57163314100,2024-05-23,SPOTIFY PREMIUM,2024-05-23,-1043274.74,-1490.0,DEBIT,Entertainment
KZ57163314100,2024-05-24,АЗС SINOOIL FUEL,2024-05-24,-960609.42,-11883.85,DEBIT,Transport
KZ57163314100,2024-05-28,LOCAL CAFE,2024-05-28,-1029175.82,-1229.4,DEBIT,Food & Dining
KZ57163314100,2024-05-28,CHAPLIN CINEMA,2024-05-28,-1058782.83,-2482.87,DEBIT,Entertainment
KZ57163314100,2024-05-28,CHOCOFOOD ORDER,2024-05-28,-1096654.22,-9607.92,DEBIT,Food & Dining
KZ57163314100,2024-05-30,LOCAL CAFE,2024-05-30,-1423840.16,-3573.57,DEBIT,Food & Dining
KZ57163314100,2024-05-31,KFC ALMATY,2024-05-31,-1443449.24,-2425.07,DEBIT,Food & Dining
KZ57163314100,2024-05-31,СТИПЕНДИЯ + ПОДРАБОТКА,2024-05-31,-1096984.11,78973.06,CREDIT,Income
KZ57163314100,2024-06-01,KTZ RAILWAY TICKET,2024-06-01,-1280819.73,-18014.5,DEBIT,Transport
KZ57163314100,2024-06-01,INDRIVE TRIP,2024-06-01,-1426107.76,-2267.6,DEBIT,Transport
KZ57163314100,2024-06-02,YOUTUBE PREMIUM,2024-06-02,-1312023.92,-1039.5,DEBIT,Entertainment
KZ57163314100,2024-06-02,GLOVO*ORDER,2024-06-02,-1224898.16,-7700.53,DEBIT,Food & Dining
KZ57163314100,2024-06-02,BURGER KING KZ,2024-06-02,-1379102.46,-5617.65,DEBIT,Food & Dining
KZ57163314100,2024-06-04,WILDBERRIES KZ,2024-06-04,-1152954.26,-18953.54,DEBIT,Shopping
KZ57163314100,2024-06-04,BURGER KING KZ,2024-06-04,-1431665.0,-5557.24,DEBIT,Food & Dining
KZ57163314100,2024-06-04,BEELINE KZ RECHARGE,2024-06-04,-1134000.73,-3092.42,DEBIT,Utilities
KZ57163314100,2024-06-04,BURGER KING KZ,2024-06-04,-1130908.31,-3883.13,DEBIT,Food & Dining
KZ57163314100,2024-06-06,KCELL PAYMENT,2024-06-06,-1158161.19,-5206.92,DEBIT,Utilities
KZ57163314100,2024-06-06,BURGER KING KZ,2024-06-06,-1385133.49,-6031.03,DEBIT,Food & Dining
KZ57163314100,2024-06-07,FLY ARYSTAN,2024-06-07,-1243851.7,-18953.54,DEBIT,Transport
KZ57163314100,2024-06-07,CHAPLIN CINEMA,2024-06-07,-1353825.01,-3894.02,DEBIT,Entertainment
KZ57163314100,2024-06-08,CHOCOFOOD ORDER,2024-06-08,-1168019.26,-8293.57,DEBIT,Food & Dining
KZ57163314100,2024-06-08,LOCAL CAFE,2024-06-08,-1417633.89,-3214.34,DEBIT,Food & Dining
KZ57163314100,2024-06-09,KFC ALMATY,2024-06-09,-1310984.42,-8054.26,DEBIT,Food & Dining
KZ57163314100,2024-06-10,KFC ALMATY,2024-06-10,-1198596.99,-3663.56,DEBIT,Food & Dining
KZ57163314100,2024-06-10,STEAM GAMES,2024-06-10,-1414419.55,-18953.54,DEBIT,Entertainment
KZ57163314100,2024-06-10,SULPAK ELECTRONICS,2024-06-10,-1373484.81,-18953.54,DEBIT,Shopping
KZ57163314100,2024-06-12,YANDEX GO RIDE,2024-06-12,-1122431.35,-1254.2,DEBIT,Transport
KZ57163314100,2024-06-12,MAGNUM SUPERMARKET,2024-06-12,-1349930.99,-18953.54,DEBIT,Shopping
KZ57163314100,2024-06-12,WOLT DELIVERY,2024-06-12,-1283976.63,-3156.9,DEBIT,Food & Dining
KZ57163314100,2024-06-13,АЗС SINOOIL FUEL,2024-06-13,-1460685.07,-17235.83,DEBIT,Transport
KZ57163314100,2024-06-15,SULPAK ELECTRONICS,2024-06-15,-1262805.24,-18953.54,DEBIT,Shopping
KZ57163314100,2024-06-15,WOLT DELIVERY,2024-06-15,-1441024.17,-4040.52,DEBIT,Food & Dining
KZ57163314100,2024-06-16,TECHNODOM KZ,2024-06-16,-1330977.46,-18953.54,DEBIT,Shopping
KZ57163314100,2024-06-16,АЗС HELIOS PETROL,2024-06-16,-1217197.63,-18600.64,DEBIT,Transport
KZ57163314100,2024-06-16,STEAM GAMES,2024-06-16,-1115937.65,-18953.54,DEBIT,Entertainment
KZ57163314100,2024-06-17,LOCAL CAFE,2024-06-17,-1390696.48,-2134.84,DEBIT,Food & Dining
KZ57163314100,2024-06-17,BURGER KING KZ,2024-06-17,-1420266.59,-2632.7,DEBIT,Food & Dining
KZ57163314100,2024-06-19,GLOVO*ORDER,2024-06-19,-1175979.9,-7960.64,DEBIT,Food & Dining
KZ57163314100,2024-06-19,METRO CASH AND CARRY,2024-06-19,-1302930.17,-18953.54,DEBIT,Shopping
KZ57163314100,2024-06-20,BURGER KING KZ,2024-06-20,-1395466.01,-4769.53,DEBIT,Food & Dining
KZ57163314100,2024-06-21,ВОДОКАНАЛ PAYMENT,2024-06-21,-1388561.64,-3428.15,DEBIT,Utilities
KZ57163314100,2024-06-21,NETFLIX SUBSCRIPTION,2024-06-21,-1121177.15,-5239.5,DEBIT,Entertainment
KZ57163314100,2024-06-22,SPOTIFY PREMIUM,2024-06-22,-1159725.69,-1564.5,DEBIT,Entertainment
KZ57163314100,2024-06-23,YANDEX GO RIDE,2024-06-23,-1354531.28,-706.26,DEBIT,Transport
KZ57163314100,2024-06-24,KASPI SHOP PURCHASE,2024-06-24,-1194933.44,-18953.54,DEBIT,Shopping
KZ57163314100,2024-06-26,ВОДОКАНАЛ PAYMENT,2024-06-26,-1127025.18,-4593.83,DEBIT,Utilities
KZ57163314100,2024-06-27,KTZ RAILWAY TICKET,2024-06-27,-1436983.65,-5318.65,DEBIT,Transport
KZ57163314100,2024-06-29,AIR ASTANA TICKET,2024-06-29,-1491809.75,-18567.1,DEBIT,Transport
KZ57163314100,2024-06-30,METRO CASH AND CARRY,2024-06-30,-1706447.79,-18567.1,DEBIT,Shopping
KZ57163314100,2024-07-02,СТИПЕНДИЯ + ПОДРАБОТКА,2024-07-02,-1383322.17,77362.9,CREDIT,Income
KZ57163314100,2024-07-02,MCDONALDS ALMATY,2024-07-02,-1493789.81,-1980.06,DEBIT,Food & Dining
KZ57163314100,2024-07-02,GLOVO*ORDER,2024-07-02,-1663645.79,-3864.21,DEBIT,Food & Dining
KZ57163314100,2024-07-02,GLOVO*ORDER,2024-07-02,-1633639.42,-10022.31,DEBIT,Food & Dining
KZ57163314100,2024-07-02,KTZ RAILWAY TICKET,2024-07-02,-1687880.7,-18567.1,DEBIT,Transport
KZ57163314100,2024-07-02,BURGER KING KZ,2024-07-02,-1441252.88,-2532.86,DEBIT,Food & Dining
KZ57163314100,2024-07-03,KAZAKHTELECOM INTERNET,2024-07-03,-1641214.49,-7575.07,DEBIT,Utilities
KZ57163314100,2024-07-03,WOLT DELIVERY,2024-07-03,-1515661.5,-7803.64,DEBIT,Food & Dining
KZ57163314100,2024-07-03,STEAM GAMES,2024-07-03,-1502040.96,-8251.15,DEBIT,Entertainment
KZ57163314100,2024-07-03,NETFLIX SUBSCRIPTION,2024-07-03,-1461128.25,-5489.0,DEBIT,Entertainment
KZ57163314100,2024-07-03,SPOTIFY PREMIUM,2024-07-03,-1403528.27,-1639.0,DEBIT,Entertainment
KZ57163314100,2024-07-04,FLY ARYSTAN,2024-07-04,-1659781.58,-18567.1,DEBIT,Transport
KZ57163314100,2024-07-04,SPOTIFY PREMIUM,2024-07-04,-1465154.32,-1639.0,DEBIT,Entertainment
KZ57163314100,2024-07-05,CHOCOFOOD ORDER,2024-07-05,-1713573.74,-7125.94,DEBIT,Food & Dining
KZ57163314100,2024-07-05,METRO CASH AND CARRY,2024-07-05,-1401889.27,-18567.1,DEBIT,Shopping
KZ57163314100,2024-07-05,NETFLIX SUBSCRIPTION,2024-07-05,-1720438.46,-5489.0,DEBIT,Entertainment
KZ57163314100,2024-07-06,CHAPLIN CINEMA,2024-07-06,-1504766.85,-2725.89,DEBIT,Entertainment
KZ57163314100,2024-07-06,MCDONALDS ALMATY,2024-07-06,-1435345.11,-3361.47,DEBIT,Food & Dining
KZ57163314100,2024-07-07,GLOVO*ORDER,2024-07-07,-1623617.11,-9346.48,DEBIT,Food & Dining
KZ57163314100,2024-07-07,BURGER KING KZ,2024-07-07,-1669313.6,-5667.81,DEBIT,Food & Dining
KZ57163314100,2024-07-08,LOCAL CAFE,2024-07-08,-1714949.46,-1375.72,DEBIT,Food & Dining
KZ57163314100,2024-07-08,MCDONALDS ALMATY,2024-07-08,-1507857.86,-3091.01,DEBIT,Food & Dining
KZ57163314100,2024-07-08,KFC ALMATY,2024-07-08,-1750687.22,-8650.88,DEBIT,Food & Dining
KZ57163314100,2024-07-10,INDRIVE TRIP,2024-07-10,-1430344.64,-1499.51,DEBIT,Transport
KZ57163314100,2024-07-10,KTZ RAILWAY TICKET,2024-07-10,-1455639.25,-12747.37,DEBIT,Transport
KZ57163314100,2024-07-10,STEAM GAMES,2024-07-10,-1736817.78,-16379.32,DEBIT,Entertainment
KZ57163314100,2024-07-11,STEAM GAMES,2024-07-11,-1528207.52,-12546.02,DEBIT,Entertainment
KZ57163314100,2024-07-12,LOCAL CAFE,2024-07-12,-1463515.32,-2387.07,DEBIT,Food & Dining
KZ57163314100,2024-07-12,CHOCOFOOD ORDER,2024-07-12,-1536832.98,-8625.46,DEBIT,Food & Dining
KZ57163314100,2024-07-14,TECHNODOM KZ,2024-07-14,-1573967.17,-18567.1,DEBIT,Shopping
KZ57163314100,2024-07-15,CHOCOFOOD ORDER,2024-07-15,-1417038.0,-7621.3,DEBIT,Food & Dining
KZ57163314100,2024-07-16,UNUSUAL LARGE TRANSACTION,2024-07-16,-1847489.76,-96802.54,DEBIT,Other
KZ57163314100,2024-07-16,TELE2 KZ PAYMENT,2024-07-16,-1595703.53,-3169.26,DEBIT,Utilities
KZ57163314100,2024-07-17,FLY ARYSTAN,2024-07-17,-1614270.62,-18567.1,DEBIT,Transport
KZ57163314100,2024-07-17,AIR ASTANA TICKET,2024-07-17,-1592534.27,-18567.1,DEBIT,Transport
KZ57163314100,2024-07-19,KAZAKHTELECOM INTERNET,2024-07-19,-1473242.65,-8088.34,DEBIT,Utilities
KZ57163314100,2024-07-19,CHOCOFOOD ORDER,2024-07-19,-1409416.71,-4249.44,DEBIT,Food & Dining
KZ57163314100,2024-07-20,SPOTIFY PREMIUM,2024-07-20,-1405167.27,-1639.0,DEBIT,Entertainment
KZ57163314100,2024-07-22,BEELINE KZ RECHARGE,2024-07-22,-1438720.02,-3374.9,DEBIT,Utilities
KZ57163314100,2024-07-23,SPOTIFY PREMIUM,2024-07-23,-1442891.88,-1639.0,DEBIT,Entertainment
KZ57163314100,2024-07-24,SPOTIFY PREMIUM,2024-07-24,-1431983.64,-1639.0,DEBIT,Entertainment
KZ57163314100,2024-07-25,SULPAK ELECTRONICS,2024-07-25,-1555400.08,-18567.1,DEBIT,Shopping
KZ57163314100,2024-07-25,KFC ALMATY,2024-07-25,-1742036.34,-5218.56,DEBIT,Food & Dining
KZ57163314100,2024-07-26,WOLT DELIVERY,2024-07-26,-1428845.14,-11807.13,DEBIT,Food & Dining
KZ57163314100,2024-07-29,STEAM GAMES,2024-07-29,-2132671.97,-18947.16,DEBIT,Entertainment
KZ57163314100,2024-07-29,NETFLIX SUBSCRIPTION,2024-07-29,-2030975.98,-5738.5,DEBIT,Entertainment
KZ57163314100,2024-07-29,NETFLIX SUBSCRIPTION,2024-07-29,-1900818.84,-5738.5,DEBIT,Entertainment
KZ57163314100,2024-07-29,MCDONALDS ALMATY,2024-07-29,-2186783.49,-4443.5,DEBIT,Food & Dining
KZ57163314100,2024-07-31,INDRIVE TRIP,2024-07-31,-2136997.4,-602.69,DEBIT,Transport
KZ57163314100,2024-07-31,WOLT DELIVERY,2024-07-31,-1801447.46,-12813.65,DEBIT,Food & Dining
KZ57163314100,2024-07-31,WILDBERRIES KZ,2024-07-31,-2025237.48,-18947.16,DEBIT,Shopping
KZ57163314100,2024-08-01,АЗС HELIOS PETROL,2024-08-01,-2097444.12,-18947.16,DEBIT,Transport
KZ57163314100,2024-08-01,KFC ALMATY,2024-08-01,-2144776.22,-7778.82,DEBIT,Food & Dining
KZ57163314100,2024-08-01,СТИПЕНДИЯ + ПОДРАБОТКА,2024-08-01,-1768543.27,78946.49,CREDIT,Income
KZ57163314100,2024-08-02,TELE2 KZ PAYMENT,2024-08-02,-2135256.21,-2584.23,DEBIT,Utilities
KZ57163314100,2024-08-03,KFC ALMATY,2024-08-03,-1833003.25,-2896.22,DEBIT,Food & Dining
KZ57163314100,2024-08-03,ЖКХ КОММУНАЛКА,2024-08-03,-2078496.97,-18947.16,DEBIT,Utilities
KZ57163314100,2024-08-04,BEELINE KZ RECHARGE,2024-08-04,-1987343.17,-3111.69,DEBIT,Utilities
KZ57163314100,2024-08-05,FLY ARYSTAN,2024-08-05,-1851950.41,-18947.16,DEBIT,Transport
KZ57163314100,2024-08-05,TECHNODOM KZ,2024-08-05,-1933721.91,-18947.16,DEBIT,Shopping
KZ57163314100,2024-08-06,METRO CASH AND CARRY,2024-08-06,-1952669.06,-18947.16,DEBIT,Shopping
KZ57163314100,2024-08-07,KINOPARK TICKET,2024-08-07,-2041135.6,-4761.61,DEBIT,Entertainment
KZ57163314100,2024-08-09,BURGER KING KZ,2024-08-09,-1956718.48,-4049.42,DEBIT,Food & Dining
KZ57163314100,2024-08-10,SPOTIFY PREMIUM,2024-08-10,-1854618.2,-1713.5,DEBIT,Entertainment
KZ57163314100,2024-08-10,KCELL PAYMENT,2024-08-10,-2113724.82,-3629.45,DEBIT,Utilities
KZ57163314100,2024-08-10,АЗС SINOOIL FUEL,2024-08-10,-1895080.34,-15776.48,DEBIT,Transport
KZ57163314100,2024-08-11,WOLT DELIVERY,2024-08-11,-1811159.88,-9712.42,DEBIT,Food & Dining
KZ57163314100,2024-08-11,GLOVO*ORDER,2024-08-11,-1788633.81,-9086.64,DEBIT,Food & Dining
KZ57163314100,2024-08-12,KAZAKHTELECOM INTERNET,2024-08-12,-1909716.29,-8897.44,DEBIT,Utilities
KZ57163314100,2024-08-14,MCDONALDS ALMATY,2024-08-14,-1914774.75,-2524.84,DEBIT,Food & Dining
KZ57163314100,2024-08-15,BURGER KING KZ,2024-08-15,-2182339.99,-2938.44,DEBIT,Food & Dining
KZ57163314100,2024-08-16,NETFLIX SUBSCRIPTION,2024-08-16,-1879303.86,-5738.5,DEBIT,Entertainment
KZ57163314100,2024-08-16,METRO CASH AND CARRY,2024-08-16,-1830107.03,-18947.16,DEBIT,Shopping
KZ57163314100,2024-08-17,KTZ RAILWAY TICKET,2024-08-17,-2006290.33,-18947.16,DEBIT,Transport
KZ57163314100,2024-08-17,CHOCOFOOD ORDER,2024-08-17,-1965973.67,-4701.42,DEBIT,Food & Dining
KZ57163314100,2024-08-18,SULPAK ELECTRONICS,2024-08-18,-1873565.36,-18947.16,DEBIT,Shopping
KZ57163314100,2024-08-18,GLOVO*ORDER,2024-08-18,-2110095.36,-12651.24,DEBIT,Food & Dining
KZ57163314100,2024-08-18,STEAM GAMES,2024-08-18,-1779547.17,-11003.9,DEBIT,Entertainment
KZ57163314100,2024-08-18,KASPI SHOP PURCHASE,2024-08-18,-2179401.55,-18947.16,DEBIT,Shopping
KZ57163314100,2024-08-18,CHOCOFOOD ORDER,2024-08-18,-2044868.06,-3732.46,DEBIT,Food & Dining
KZ57163314100,2024-08-18,MCDONALDS ALMATY,2024-08-18,-1912249.91,-2533.63,DEBIT,Food & Dining
KZ57163314100,2024-08-20,MCDONALDS ALMATY,2024-08-20,-1984231.48,-5570.84,DEBIT,Food & Dining
KZ57163314100,2024-08-21,KCELL PAYMENT,2024-08-21,-2036373.99,-5398.01,DEBIT,Utilities
KZ57163314100,2024-08-21,KINOPARK TICKET,2024-08-21,-2149101.61,-4325.39,DEBIT,Entertainment
KZ57163314100,2024-08-21,LOCAL CAFE,2024-08-21,-2059549.81,-2949.73,DEBIT,Food & Dining
KZ57163314100,2024-08-22,GLOVO*ORDER,2024-08-22,-2160454.39,-11352.78,DEBIT,Food & Dining
KZ57163314100,2024-08-22,ВОДОКАНАЛ PAYMENT,2024-08-22,-1961272.25,-4553.76,DEBIT,Utilities
KZ57163314100,2024-08-23,MAGNUM SUPERMARKET,2024-08-23,-2056600.07,-11732.02,DEBIT,Shopping
KZ57163314100,2024-08-24,YOUTUBE PREMIUM,2024-08-24,-2136394.71,-1138.5,DEBIT,Entertainment
KZ57163314100,2024-08-25,LOCAL CAFE,2024-08-25,-1852904.7,-954.29,DEBIT,Food & Dining
KZ57163314100,2024-08-26,АЗС HELIOS PETROL,2024-08-26,-1978660.64,-12686.98,DEBIT,Transport
KZ57163314100,2024-08-28,KASPI SHOP PURCHASE,2024-08-28,-2301998.2,-19044.64,DEBIT,Shopping
KZ57163314100,2024-08-28,WOLT DELIVERY,2024-08-28,-2582455.25,-7328.07,DEBIT,Food & Dining
KZ57163314100,2024-08-28,SULPAK ELECTRONICS,2024-08-28,-2454669.91,-19044.64,DEBIT,Shopping
KZ57163314100,2024-08-29,SMALL SUPERMARKET,2024-08-29,-2523860.71,-13382.29,DEBIT,Shopping
KZ57163314100,2024-08-29,STEAM GAMES,2024-08-29,-2410866.18,-18721.76,DEBIT,Entertainment
KZ57163314100,2024-08-29,WILDBERRIES KZ,2024-08-29,-2242681.98,-19044.64,DEBIT,Shopping
KZ57163314100,2024-08-31,СТИПЕНДИЯ + ПОДРАБОТКА,2024-08-31,-2107430.82,79352.66,CREDIT,Income
KZ57163314100,2024-08-31,WOLT DELIVERY,2024-08-31,-2201846.5,-12800.0,DEBIT,Food & Dining
KZ57163314100,2024-09-01,TECHNODOM KZ,2024-09-01,-2575127.18,-19044.64,DEBIT,Shopping
KZ57163314100,2024-09-02,YANDEX GO RIDE,2024-09-02,-2435625.27,-897.26,DEBIT,Transport
KZ57163314100,2024-09-03,CHAPLIN CINEMA,2024-09-03,-2132443.66,-4446.01,DEBIT,Entertainment
KZ57163314100,2024-09-03,STEAM GAMES,2024-09-03,-2150957.21,-18513.55,DEBIT,Entertainment
KZ57163314100,2024-09-05,AIR ASTANA TICKET,2024-09-05,-2550900.79,-19044.64,DEBIT,Transport
KZ57163314100,2024-09-06,METRO CASH AND CARRY,2024-09-06,-2467308.7,-12638.79,DEBIT,Shopping
KZ57163314100,2024-09-07,CHOCOFOOD ORDER,2024-09-07,-2588951.28,-6496.03,DEBIT,Food & Dining
KZ57163314100,2024-09-07,WOLT DELIVERY,2024-09-07,-2376093.81,-3655.38,DEBIT,Food & Dining
KZ57163314100,2024-09-08,KFC ALMATY,2024-09-08,-2434728.01,-6889.81,DEBIT,Food & Dining
KZ57163314100,2024-09-09,BURGER KING KZ,2024-09-09,-2308127.79,-2416.13,DEBIT,Food & Dining
KZ57163314100,2024-09-09,WILDBERRIES KZ,2024-09-09,-2327172.43,-19044.64,DEBIT,Shopping
KZ57163314100,2024-09-09,BURGER KING KZ,2024-09-09,-2556082.54,-5181.75,DEBIT,Food & Dining
KZ57163314100,2024-09-10,KASPI SHOP PURCHASE,2024-09-10,-2263908.93,-19044.64,DEBIT,Shopping
KZ57163314100,2024-09-10,AIR ASTANA TICKET,2024-09-10,-2635332.02,-19044.64,DEBIT,Transport
KZ57163314100,2024-09-10,SMALL SUPERMARKET,2024-09-10,-2364262.69,-13025.48,DEBIT,Shopping
KZ57163314100,2024-09-10,CHOCOFOOD ORDER,2024-09-10,-2372438.43,-8175.75,DEBIT,Food & Dining
KZ57163314100,2024-09-11,NETFLIX SUBSCRIPTION,2024-09-11,-2112919.82,-5489.0,DEBIT,Entertainment
KZ57163314100,2024-09-11,KTZ RAILWAY TICKET,2024-09-11,-2616287.39,-19044.64,DEBIT,Transport
KZ57163314100,2024-09-11,ALMATY ENERGO ELECTRIC,2024-09-11,-2392144.41,-16050.6,DEBIT,Utilities
KZ57163314100,2024-09-12,ЖКХ КОММУНАЛКА,2024-09-12,-2170001.85,-19044.64,DEBIT,Utilities
KZ57163314100,2024-09-12,AIR ASTANA TICKET,2024-09-12,-2189046.49,-19044.64,DEBIT,Transport
KZ57163314100,2024-09-13,LOCAL CAFE,2024-09-13,-2204592.7,-2746.21,DEBIT,Food & Dining
KZ57163314100,2024-09-14,АЗС HELIOS PETROL,2024-09-14,-2347856.07,-19044.64,DEBIT,Transport
KZ57163314100,2024-09-14,GLOVO*ORDER,2024-09-14,-2486836.77,-15167.96,DEBIT,Food & Dining
KZ57163314100,2024-09-15,CHOCOFOOD ORDER,2024-09-15,-2510478.42,-4597.01,DEBIT,Food & Dining
KZ57163314100,2024-09-15,ЖКХ КОММУНАЛКА,2024-09-15,-2505881.41,-19044.64,DEBIT,Utilities
KZ57163314100,2024-09-16,KCELL PAYMENT,2024-09-16,-2305711.66,-3713.46,DEBIT,Utilities
KZ57163314100,2024-09-17,CHOCOFOOD ORDER,2024-09-17,-2597242.75,-8291.46,DEBIT,Food & Dining
KZ57163314100,2024-09-17,MCDONALDS ALMATY,2024-09-17,-2244864.29,-2182.31,DEBIT,Food & Dining
KZ57163314100,2024-09-17,SPOTIFY PREMIUM,2024-09-17,-2328811.43,-1639.0,DEBIT,Entertainment
KZ57163314100,2024-09-17,WOLT DELIVERY,2024-09-17,-2531856.15,-7995.44,DEBIT,Food & Dining
KZ57163314100,2024-09-18,АЗС HELIOS PETROL,2024-09-18,-2427838.19,-16972.02,DEBIT,Transport
KZ57163314100,2024-09-19,АЗС SINOOIL FUEL,2024-09-19,-2127997.66,-15077.83,DEBIT,Transport
KZ57163314100,2024-09-19,STEAM GAMES,2024-09-19,-2223637.34,-19044.64,DEBIT,Entertainment
KZ57163314100,2024-09-20,METRO CASH AND CARRY,2024-09-20,-2282953.56,-19044.64,DEBIT,Shopping
KZ57163314100,2024-09-21,YANDEX GO RIDE,2024-09-21,-2471668.81,-4360.11,DEBIT,Transport
KZ57163314100,2024-09-25,KCELL PAYMENT,2024-09-25,-2351237.21,-3381.14,DEBIT,Utilities
KZ57163314100,2024-09-27,SULPAK ELECTRONICS,2024-09-27,-2747134.83,-19287.06,DEBIT,Shopping
KZ57163314100,2024-09-28,CHOCOFOOD ORDER,2024-09-28,-2817870.64,-8711.14,DEBIT,Food & Dining
KZ57163314100,2024-09-28,AIR ASTANA TICKET,2024-09-28,-2669730.96,-19287.06,DEBIT,Transport
KZ57163314100,2024-09-29,WOLT DELIVERY,2024-09-29,-2633921.23,-7974.36,DEBIT,Food & Dining
KZ57163314100,2024-09-29,LOCAL CAFE,2024-09-29,-2893103.07,-3242.14,DEBIT,Food & Dining
KZ57163314100,2024-10-02,SULPAK ELECTRONICS,2024-10-02,-2689843.0,-19287.06,DEBIT,Shopping
KZ57163314100,2024-10-02,KFC ALMATY,2024-10-02,-2780811.92,-7244.59,DEBIT,Food & Dining
KZ57163314100,2024-10-02,AIR ASTANA TICKET,2024-10-02,-2943571.99,-19287.06,DEBIT,Transport
KZ57163314100,2024-10-02,СТИПЕНДИЯ + ПОДРАБОТКА,2024-10-02,-2554969.26,80362.76,CREDIT,Income
KZ57163314100,2024-10-03,KFC ALMATY,2024-10-03,-2705451.71,-3148.33,DEBIT,Food & Dining
KZ57163314100,2024-10-03,NETFLIX SUBSCRIPTION,2024-10-03,-2959641.44,-4990.0,DEBIT,Entertainment
KZ57163314100,2024-10-04,KASPI SHOP PURCHASE,2024-10-04,-2837157.7,-19287.06,DEBIT,Shopping
KZ57163314100,2024-10-05,STEAM GAMES,2024-10-05,-2583461.99,-12471.22,DEBIT,Entertainment
KZ57163314100,2024-10-05,SULPAK ELECTRONICS,2024-10-05,-2766421.9,-19287.06,DEBIT,Shopping
KZ57163314100,2024-10-06,ALMATY ENERGO ELECTRIC,2024-10-06,-2645453.89,-6542.66,DEBIT,Utilities
KZ57163314100,2024-10-06,NETFLIX SUBSCRIPTION,2024-10-06,-2650443.89,-4990.0,DEBIT,Entertainment
KZ57163314100,2024-10-06,WOLT DELIVERY,2024-10-06,-2702303.37,-2616.61,DEBIT,Food & Dining
KZ57163314100,2024-10-07,NETFLIX SUBSCRIPTION,2024-10-07,-2964631.44,-4990.0,DEBIT,Entertainment
KZ57163314100,2024-10-08,АЗС HELIOS PETROL,2024-10-08,-2699686.76,-9843.77,DEBIT,Transport
KZ57163314100,2024-10-08,АЗС SINOOIL FUEL,2024-10-08,-2623602.52,-7415.18,DEBIT,Transport
KZ57163314100,2024-10-09,CHOCOFOOD ORDER,2024-10-09,-2809159.5,-9060.52,DEBIT,Food & Dining
KZ57163314100,2024-10-12,TECHNODOM KZ,2024-10-12,-2616187.34,-19287.06,DEBIT,Shopping
KZ57163314100,2024-10-12,KINOPARK TICKET,2024-10-12,-2773567.33,-2649.68,DEBIT,Entertainment
KZ57163314100,2024-10-13,GLOVO*ORDER,2024-10-13,-2852095.17,-14937.47,DEBIT,Food & Dining
KZ57163314100,2024-10-13,WOLT DELIVERY,2024-10-13,-2570990.77,-3000.75,DEBIT,Food & Dining
KZ57163314100,2024-10-14,NETFLIX SUBSCRIPTION,2024-10-14,-2638911.23,-4990.0,DEBIT,Entertainment
KZ57163314100,2024-10-15,WOLT DELIVERY,2024-10-15,-2904997.87,-10904.8,DEBIT,Food & Dining
KZ57163314100,2024-10-15,LOCAL CAFE,2024-10-15,-2873077.68,-1695.45,DEBIT,Food & Dining
KZ57163314100,2024-10-16,FLY ARYSTAN,2024-10-16,-2727847.77,-19287.06,DEBIT,Transport
KZ57163314100,2024-10-16,WOLT DELIVERY,2024-10-16,-2954651.44,-11079.45,DEBIT,Food & Dining
KZ57163314100,2024-10-16,METRO CASH AND CARRY,2024-10-16,-2596900.28,-13438.29,DEBIT,Shopping
KZ57163314100,2024-10-16,YOUTUBE PREMIUM,2024-10-16,-2894093.07,-990.0,DEBIT,Entertainment
KZ57163314100,2024-10-17,STEAM GAMES,2024-10-17,-2800098.98,-19287.06,DEBIT,Entertainment
KZ57163314100,2024-10-17,BEELINE KZ RECHARGE,2024-10-17,-2708560.71,-3109.0,DEBIT,Utilities
KZ57163314100,2024-10-18,INDRIVE TRIP,2024-10-18,-2625946.87,-2344.34,DEBIT,Transport
KZ57163314100,2024-10-18,CHAPLIN CINEMA,2024-10-18,-2770917.65,-4495.75,DEBIT,Entertainment
KZ57163314100,2024-10-20,METRO CASH AND CARRY,2024-10-20,-2871382.23,-19287.06,DEBIT,Shopping
KZ57163314100,2024-10-21,UNUSUAL LARGE TRANSACTION,2024-10-21,-3009851.39,-45219.94,DEBIT,Other
KZ57163314100,2024-10-21,METRO CASH AND CARRY,2024-10-21,-2889860.93,-16783.25,DEBIT,Shopping
KZ57163314100,2024-10-23,SULPAK ELECTRONICS,2024-10-23,-2924284.93,-19287.06,DEBIT,Shopping
KZ57163314100,2024-10-23,SMALL SUPERMARKET,2024-10-23,-2567990.02,-13020.76,DEBIT,Shopping
KZ57163314100,2024-10-25,LOCAL CAFE,2024-10-25,-2670555.93,-824.98,DEBIT,Food & Dining
KZ57163314100,2024-10-27,BEELINE KZ RECHARGE,2024-10-27,-3000294.6,-3124.43,DEBIT,Utilities
KZ57163314100,2024-10-27,BURGER KING KZ,2024-10-27,-3094748.69,-2064.65,DEBIT,Food & Dining
KZ57163314100,2024-10-27,CHOCOFOOD ORDER,2024-10-27,-3012954.41,-8721.6,DEBIT,Food & Dining
KZ57163314100,2024-10-28,SMALL SUPERMARKET,2024-10-28,-3092684.04,-14303.29,DEBIT,Shopping
KZ57163314100,2024-10-29,СТИПЕНДИЯ + ПОДРАБОТКА,2024-10-29,-2932778.65,77072.74,CREDIT,Income
KZ57163314100,2024-10-31,AIR ASTANA TICKET,2024-10-31,-3181837.66,-18497.46,DEBIT,Transport
KZ57163314100,2024-10-31,WOLT DELIVERY,2024-10-31,-3163340.2,-8409.24,DEBIT,Food & Dining
KZ57163314100,2024-10-31,АЗС SINOOIL FUEL,2024-10-31,-3063685.78,-8880.61,DEBIT,Transport
KZ57163314100,2024-10-31,АЗС HELIOS PETROL,2024-10-31,-2974763.56,-18497.46,DEBIT,Transport
KZ57163314100,2024-11-02,KINOPARK TICKET,2024-11-02,-3228485.74,-2761.19,DEBIT,Entertainment
KZ57163314100,2024-11-03,WILDBERRIES KZ,2024-11-03,-2956266.11,-18497.46,DEBIT,Shopping
KZ57163314100,2024-11-04,АЗС HELIOS PETROL,2024-11-04,-3277468.72,-16813.98,DEBIT,Transport
KZ57163314100,2024-11-04,NETFLIX SUBSCRIPTION,2024-11-04,-2937768.65,-4990.0,DEBIT,Entertainment
KZ57163314100,2024-11-04,AIR ASTANA TICKET,2024-11-04,-3134943.5,-18497.46,DEBIT,Transport
KZ57163314100,2024-11-04,YOUTUBE PREMIUM,2024-11-04,-3095738.69,-990.0,DEBIT,Entertainment
KZ57163314100,2024-11-06,MAGNUM SUPERMARKET,2024-11-06,-3078380.75,-11697.18,DEBIT,Shopping
KZ57163314100,2024-11-06,FLY ARYSTAN,2024-11-06,-3307889.42,-18497.46,DEBIT,Transport
KZ57163314100,2024-11-07,YANDEX GO RIDE,2024-11-07,-3318026.65,-2602.48,DEBIT,Transport
KZ57163314100,2024-11-08,MCDONALDS ALMATY,2024-11-08,-3188729.63,-1600.73,DEBIT,Food & Dining
KZ57163314100,2024-11-08,ВОДОКАНАЛ PAYMENT,2024-11-08,-3066683.57,-2997.79,DEBIT,Utilities
KZ57163314100,2024-11-08,LOCAL CAFE,2024-11-08,-3036307.71,-2824.2,DEBIT,Food & Dining
KZ57163314100,2024-11-10,TECHNODOM KZ,2024-11-10,-3153440.96,-18497.46,DEBIT,Shopping
KZ57163314100,2024-11-10,METRO CASH AND CARRY,2024-11-10,-3031451.87,-18497.46,DEBIT,Shopping
KZ57163314100,2024-11-10,MAGNUM SUPERMARKET,2024-11-10,-3207227.09,-18497.46,DEBIT,Shopping
KZ57163314100,2024-11-11,INDRIVE TRIP,2024-11-11,-3319818.94,-1792.29,DEBIT,Transport
KZ57163314100,2024-11-11,KFC ALMATY,2024-11-11,-3100407.43,-4668.74,DEBIT,Food & Dining
KZ57163314100,2024-11-12,SPOTIFY PREMIUM,2024-11-12,-3154930.96,-1490.0,DEBIT,Entertainment
KZ57163314100,2024-11-12,WOLT DELIVERY,2024-11-12,-3289391.96,-11923.24,DEBIT,Food & Dining
KZ57163314100,2024-11-12,CHOCOFOOD ORDER,2024-11-12,-3236327.95,-7842.21,DEBIT,Food & Dining
KZ57163314100,2024-11-13,INDRIVE TRIP,2024-11-13,-3033483.51,-2031.65,DEBIT,Transport
KZ57163314100,2024-11-13,KFC ALMATY,2024-11-13,-2978672.72,-3909.16,DEBIT,Food & Dining
KZ57163314100,2024-11-13,AIR ASTANA TICKET,2024-11-13,-2997170.18,-18497.46,DEBIT,Transport
KZ57163314100,2024-11-14,MAGNUM SUPERMARKET,2024-11-14,-3248599.17,-12271.22,DEBIT,Shopping
KZ57163314100,2024-11-15,KTZ RAILWAY TICKET,2024-11-15,-3054805.17,-18497.46,DEBIT,Transport
KZ57163314100,2024-11-17,АЗС SINOOIL FUEL,2024-11-17,-3116446.05,-8263.27,DEBIT,Transport
KZ57163314100,2024-11-17,CHOCOFOOD ORDER,2024-11-17,-3315424.17,-7534.75,DEBIT,Food & Dining
KZ57163314100,2024-11-20,KTZ RAILWAY TICKET,2024-11-20,-3108182.78,-7775.35,DEBIT,Transport
KZ57163314100,2024-11-20,KFC ALMATY,2024-11-20,-3187128.9,-5291.25,DEBIT,Food & Dining
KZ57163314100,2024-11-20,MCDONALDS ALMATY,2024-11-20,-3004232.81,-3938.21,DEBIT,Food & Dining
KZ57163314100,2024-11-20,SULPAK ELECTRONICS,2024-11-20,-3225724.54,-18497.46,DEBIT,Shopping
KZ57163314100,2024-11-23,АЗС HELIOS PETROL,2024-11-23,-3260654.74,-12055.57,DEBIT,Transport
KZ57163314100,2024-11-26,YOUTUBE PREMIUM,2024-11-26,-3600201.47,-1089.0,DEBIT,Entertainment
KZ57163314100,2024-11-26,KAZAKHTELECOM INTERNET,2024-11-26,-3422435.33,-6964.53,DEBIT,Utilities
KZ57163314100,2024-11-27,GLOVO*ORDER,2024-11-27,-3330731.56,-12156.28,DEBIT,Food & Dining
KZ57163314100,2024-11-28,LOCAL CAFE,2024-11-28,-3649775.08,-3451.74,DEBIT,Food & Dining
KZ57163314100,2024-11-28,LOCAL CAFE,2024-11-28,-3335945.36,-1905.46,DEBIT,Food & Dining
KZ57163314100,2024-11-29,KAZAKHTELECOM INTERNET,2024-11-29,-3539267.12,-4400.62,DEBIT,Utilities
KZ57163314100,2024-11-30,TECHNODOM KZ,2024-11-30,-3599112.47,-18990.56,DEBIT,Shopping
KZ57163314100,2024-11-30,KFC ALMATY,2024-11-30,-3565684.11,-8782.57,DEBIT,Food & Dining
KZ57163314100,2024-11-30,NETFLIX SUBSCRIPTION,2024-11-30,-3544756.12,-5489.0,DEBIT,Entertainment
KZ57163314100,2024-11-30,KTZ RAILWAY TICKET,2024-11-30,-3533759.4,-14312.45,DEBIT,Transport
KZ57163314100,2024-12-01,СТИПЕНДИЯ + ПОДРАБОТКА,2024-12-01,-3240691.6,79127.35,CREDIT,Income
KZ57163314100,2024-12-01,AIR ASTANA TICKET,2024-12-01,-3376283.04,-18990.56,DEBIT,Transport
KZ57163314100,2024-12-02,AIR ASTANA TICKET,2024-12-02,-3265030.19,-18990.56,DEBIT,Transport
KZ57163314100,2024-12-02,CHAPLIN CINEMA,2024-12-02,-3603248.14,-3046.67,DEBIT,Entertainment
KZ57163314100,2024-12-03,BURGER KING KZ,2024-12-03,-3631931.18,-2937.24,DEBIT,Food & Dining
KZ57163314100,2024-12-03,АЗС SINOOIL FUEL,2024-12-03,-3556901.54,-12145.41,DEBIT,Transport
KZ57163314100,2024-12-03,NETFLIX SUBSCRIPTION,2024-12-03,-3503137.33,-5489.0,DEBIT,Entertainment
KZ57163314100,2024-12-03,SULPAK ELECTRONICS,2024-12-03,-3411120.72,-18990.56,DEBIT,Shopping
KZ57163314100,2024-12-04,CHOCOFOOD ORDER,2024-12-04,-3429251.82,-6816.48,DEBIT,Food & Dining
KZ57163314100,2024-12-04,BURGER KING KZ,2024-12-04,-3653661.75,-3886.66,DEBIT,Food & Dining
KZ57163314100,2024-12-05,WOLT DELIVERY,2024-12-05,-3478657.77,-11424.83,DEBIT,Food & Dining
KZ57163314100,2024-12-05,SMALL SUPERMARKET,2024-12-05,-3646323.34,-14392.16,DEBIT,Shopping
KZ57163314100,2024-12-05,MCDONALDS ALMATY,2024-12-05,-3628993.95,-1352.33,DEBIT,Food & Dining
KZ57163314100,2024-12-05,WOLT DELIVERY,2024-12-05,-3577169.17,-8845.31,DEBIT,Food & Dining
KZ57163314100,2024-12-06,GLOVO*ORDER,2024-12-06,-3318575.27,-15563.96,DEBIT,Food & Dining
KZ57163314100,2024-12-06,KAZAKHTELECOM INTERNET,2024-12-06,-3341839.86,-5894.49,DEBIT,Utilities
KZ57163314100,2024-12-07,FLY ARYSTAN,2024-12-07,-3467232.94,-18990.56,DEBIT,Transport
KZ57163314100,2024-12-09,TECHNODOM KZ,2024-12-09,-3284020.75,-18990.56,DEBIT,Shopping
KZ57163314100,2024-12-10,ВОДОКАНАЛ PAYMENT,2024-12-10,-3246039.63,-5348.03,DEBIT,Utilities
KZ57163314100,2024-12-10,KFC ALMATY,2024-12-10,-3568323.86,-2639.75,DEBIT,Food & Dining
KZ57163314100,2024-12-12,ЖКХ КОММУНАЛКА,2024-12-12,-3627641.62,-18990.56,DEBIT,Utilities
KZ57163314100,2024-12-13,ВОДОКАНАЛ PAYMENT,2024-12-13,-3415470.8,-4350.08,DEBIT,Utilities
KZ57163314100,2024-12-13,АЗС HELIOS PETROL,2024-12-13,-3392130.16,-14758.13,DEBIT,Transport
KZ57163314100,2024-12-13,TECHNODOM KZ,2024-12-13,-3303011.32,-18990.56,DEBIT,Shopping
KZ57163314100,2024-12-13,AIR ASTANA TICKET,2024-12-13,-3448242.38,-18990.56,DEBIT,Transport
KZ57163314100,2024-12-14,LOCAL CAFE,2024-12-14,-3534866.51,-1107.1,DEBIT,Food & Dining
KZ57163314100,2024-12-16,GLOVO*ORDER,2024-12-16,-3664531.95,-7678.02,DEBIT,Food & Dining
KZ57163314100,2024-12-17,YOUTUBE PREMIUM,2024-12-17,-3377372.04,-1089.0,DEBIT,Entertainment
KZ57163314100,2024-12-17,LOCAL CAFE,2024-12-17,-3580121.91,-2952.74,DEBIT,Food & Dining
KZ57163314100,2024-12-18,АЗС SINOOIL FUEL,2024-12-18,-3357292.47,-15452.61,DEBIT,Transport
KZ57163314100,2024-12-19,CHAPLIN CINEMA,2024-12-19,-3656853.94,-3192.19,DEBIT,Entertainment
KZ57163314100,2024-12-19,KTZ RAILWAY TICKET,2024-12-19,-3497648.33,-18990.56,DEBIT,Transport
KZ57163314100,2024-12-23,KAZAKHTELECOM INTERNET,2024-12-23,-3608651.06,-5402.92,DEBIT,Utilities
KZ57163314100,2024-12-24,KFC ALMATY,2024-12-24,-3334039.9,-3308.35,DEBIT,Food & Dining
KZ57163314100,2024-12-24,ALMATY ENERGO ELECTRIC,2024-12-24,-3519446.95,-16309.62,DEBIT,Utilities
KZ67269719619,2024-01-01,KAZAKHTELECOM INTERNET,2024-01-01,4411.7,-4019.02,DEBIT,Utilities
KZ67269719619,2024-01-01,KINOPARK TICKET,2024-01-01,-195623.28,-2378.14,DEBIT,Entertainment
KZ67269719619,2024-01-02,ALMATY ENERGO ELECTRIC,2024-01-02,-402066.7,-9961.68,DEBIT,Utilities
KZ67269719619,2024-01-02,LOCAL CAFE,2024-01-02,1048222.53,-2196.07,DEBIT,Food & Dining
KZ67269719619,2024-01-02,KFC ALMATY,2024-01-02,74204.78,-4394.24,DEBIT,Food & Dining
KZ67269719619,2024-01-02,UNUSUAL LARGE TRANSACTION,2024-01-02,-1023128.12,-372689.41,DEBIT,Other
KZ67269719619,2024-01-02,SPOTIFY PREMIUM,2024-01-02,-392105.02,-1266.5,DEBIT,Entertainment
KZ67269719619,2024-01-02,METRO CASH AND CARRY,2024-01-02,-133339.91,-19886.41,DEBIT,Shopping
KZ67269719619,2024-01-03,OLYMPIC PLUS CLINIC,2024-01-03,356364.93,-41453.85,DEBIT,Healthcare
KZ67269719619,2024-01-03,STEAM GAMES,2024-01-03,-113453.5,-15188.25,DEBIT,Entertainment
KZ67269719619,2024-01-03,KAZAKHTELECOM INTERNET,2024-01-03,-604954.07,-6535.94,DEBIT,Utilities
KZ67269719619,2024-01-05,WOLT DELIVERY,2024-01-05,-282897.0,-3173.26,DEBIT,Food & Dining
KZ67269719619,2024-01-05,SKILLBOX KZ,2024-01-05,162699.49,-40327.17,DEBIT,Education
KZ67269719619,2024-01-05,INSURANCE PAYMENT,2024-01-05,-415173.08,-13106.38,DEBIT,Loan & Finance
KZ67269719619,2024-01-05,KASPI KREDIT PAYMENT,2024-01-05,-468484.58,-53311.5,DEBIT,Loan & Finance
KZ67269719619,2024-01-06,YANDEX GO RIDE,2024-01-06,8430.72,-548.81,DEBIT,Transport
KZ67269719619,2024-01-06,SALARY KASPI BANK,2024-01-06,1050418.61,350418.61,CREDIT,Income
KZ67269719619,2024-01-07,SPOTIFY PREMIUM,2024-01-07,-14164.78,-1266.5,DEBIT,Entertainment
KZ67269719619,2024-01-07,GLOVO*ORDER,2024-01-07,-171875.5,-8686.21,DEBIT,Food & Dining
KZ67269719619,2024-01-07,CHAPLIN CINEMA,2024-01-07,347956.02,-2389.67,DEBIT,Entertainment
KZ67269719619,2024-01-08,TECHNODOM KZ,2024-01-08,781127.97,-84100.47,DEBIT,Shopping
KZ67269719619,2024-01-08,BURGER KING KZ,2024-01-08,1456.02,-2955.68,DEBIT,Food & Dining
KZ67269719619,2024-01-09,INDRIVE TRIP,2024-01-09,606067.0,-2113.72,DEBIT,Transport
KZ67269719619,2024-01-10,SMALL SUPERMARKET,2024-01-10,-584264.3,-11324.36,DEBIT,Shopping
KZ67269719619,2024-01-10,TECHNODOM KZ,2024-01-10,874842.13,-84100.47,DEBIT,Shopping
KZ67269719619,2024-01-11,KASPI KREDIT PAYMENT,2024-01-11,958942.59,-75425.03,DEBIT,Loan & Finance
KZ67269719619,2024-01-11,INSURANCE PAYMENT,2024-01-11,-193245.14,-11694.09,DEBIT,Loan & Finance
KZ67269719619,2024-01-11,METRO CASH AND CARRY,2024-01-11,-158183.3,-24843.39,DEBIT,Shopping
KZ67269719619,2024-01-11,CHOCOFOOD ORDER,2024-01-11,-598418.13,-6730.48,DEBIT,Food & Dining
KZ67269719619,2024-01-11,METRO CASH AND CARRY,2024-01-11,692281.19,-21240.73,DEBIT,Shopping
KZ67269719619,2024-01-12,ALMATY ENERGO ELECTRIC,2024-01-12,-475873.48,-7388.9,DEBIT,Utilities
KZ67269719619,2024-01-13,CHAPLIN CINEMA,2024-01-13,593517.94,-2426.65,DEBIT,Entertainment
KZ67269719619,2024-01-13,CHOCOFOOD ORDER,2024-01-13,258068.4,-5787.15,DEBIT,Food & Dining
KZ67269719619,2024-01-13,FREEDOM FINANCE EMI,2024-01-13,1034367.62,-13854.91,DEBIT,Loan & Finance
KZ67269719619,2024-01-13,ВОДОКАНАЛ PAYMENT,2024-01-13,-305471.55,-4757.16,DEBIT,Utilities
KZ67269719619,2024-01-14,SULPAK ELECTRONICS,2024-01-14,397818.78,-23256.72,DEBIT,Shopping
KZ67269719619,2024-01-14,CHOCOFOOD ORDER,2024-01-14,-177094.77,-5219.27,DEBIT,Food & Dining
KZ67269719619,2024-01-14,KASPI KREDIT PAYMENT,2024-01-14,-561459.09,-83619.1,DEBIT,Loan & Finance
KZ67269719619,2024-01-15,AIR ASTANA TICKET,2024-01-15,-279723.75,-84100.47,DEBIT,Transport
KZ67269719619,2024-01-15,ВОДОКАНАЛ PAYMENT,2024-01-15,-300714.39,-2515.6,DEBIT,Utilities
KZ67269719619,2024-01-16,APTEKA 36.6,2024-01-16,-10768.2,-2182.36,DEBIT,Healthcare
KZ67269719619,2024-01-16,YANDEX GO RIDE,2024-01-16,203026.66,-3286.68,DEBIT,Transport
KZ67269719619,2024-01-17,KASPI SHOP PURCHASE,2024-01-17,78599.02,-84100.47,DEBIT,Shopping
KZ67269719619,2024-01-17,INSURANCE PAYMENT,2024-01-17,-298198.79,-15301.79,DEBIT,Loan & Finance
KZ67269719619,2024-01-18,MEDICALCENTER KZ,2024-01-18,8979.54,-65225.24,DEBIT,Healthcare
KZ67269719619,2024-01-18,KASPI SHOP PURCHASE,2024-01-18,713521.92,-67606.05,DEBIT,Shopping
KZ67269719619,2024-01-18,TECHNODOM KZ,2024-01-18,263855.55,-84100.47,DEBIT,Shopping
KZ67269719619,2024-01-18,BEELINE KZ RECHARGE,2024-01-18,353122.31,-1976.13,DEBIT,Utilities
KZ67269719619,2024-01-19,АЗС HELIOS PETROL,2024-01-19,865228.43,-9613.7,DEBIT,Transport
KZ67269719619,2024-01-21,ЖКХ КОММУНАЛКА,2024-01-21,-631925.8,-26971.74,DEBIT,Utilities
KZ67269719619,2024-01-22,АЗС SINOOIL FUEL,2024-01-22,-8585.84,-10041.87,DEBIT,Transport
KZ67269719619,2024-01-22,GLOVO*ORDER,2024-01-22,-181551.05,-4456.28,DEBIT,Food & Dining
KZ67269719619,2024-01-23,MCDONALDS ALMATY,2024-01-23,-563517.24,-2058.14,DEBIT,Food & Dining
KZ67269719619,2024-01-23,YANDEX GO RIDE,2024-01-23,-477840.0,-1966.52,DEBIT,Transport
KZ67269719619,2024-01-23,TECHNODOM KZ,2024-01-23,608180.72,-84100.47,DEBIT,Shopping
KZ67269719619,2024-01-23,TECHNODOM KZ,2024-01-23,-98265.25,-84100.47,DEBIT,Shopping
KZ67269719619,2024-01-23,APTEKA 36.6,2024-01-23,-163189.29,-5005.99,DEBIT,Healthcare
KZ67269719619,2024-01-23,SMALL SUPERMARKET,2024-01-23,350345.69,-2776.62,DEBIT,Shopping
KZ67269719619,2024-01-24,UNIVERSITY TUITION,2024-01-24,425317.0,-84100.47,DEBIT,Education
KZ67269719619,2024-01-24,INSURANCE PAYMENT,2024-01-24,-572939.95,-9422.71,DEBIT,Loan & Finance
KZ67269719619,2024-01-24,TELE2 KZ PAYMENT,2024-01-24,-12898.28,-2130.08,DEBIT,Utilities
KZ67269719619,2024-01-25,NETFLIX SUBSCRIPTION,2024-01-25,421075.5,-4241.5,DEBIT,Entertainment
KZ67269719619,2024-01-26,ALMATY ENERGO ELECTRIC,2024-01-26,-591687.64,-7423.34,DEBIT,Utilities
KZ67269719619,2024-01-26,FREEDOM FINANCE EMI,2024-01-26,206313.34,-51755.06,DEBIT,Loan & Finance
KZ67269719619,2024-01-27,ЖКХ КОММУНАЛКА,2024-01-27,-650438.71,-18512.91,DEBIT,Utilities
KZ67269719619,2024-01-27,АЗС SINOOIL FUEL,2024-01-27,595944.59,-10122.41,DEBIT,Transport
KZ67269719619,2024-01-28,SPOTIFY PREMIUM,2024-01-28,355098.43,-1266.5,DEBIT,Entertainment
KZ67269719619,2024-01-28,SPOTIFY PREMIUM,2024-01-28,-390838.52,-1266.5,DEBIT,Entertainment
KZ67269719619,2024-01-28,AIR ASTANA TICKET,2024-01-28,-389572.02,-84100.47,DEBIT,Transport
KZ67269719619,2024-01-28,UNIVERSITY TUITION,2024-01-28,509417.47,-84100.47,DEBIT,Education
KZ67269719619,2024-01-31,UNIVERSITY TUITION,2024-01-31,-1246963.99,-80215.64,DEBIT,Education
KZ67269719619,2024-02-01,MCDONALDS ALMATY,2024-02-01,-1662061.25,-2945.06,DEBIT,Food & Dining
KZ67269719619,2024-02-01,BEELINE KZ RECHARGE,2024-02-01,-1166748.35,-3079.76,DEBIT,Utilities
KZ67269719619,2024-02-01,GLOVO*ORDER,2024-02-01,-2070802.52,-5349.77,DEBIT,Food & Dining
KZ67269719619,2024-02-01,KTZ RAILWAY TICKET,2024-02-01,-1509426.67,-9343.6,DEBIT,Transport
KZ67269719619,2024-02-02,CHAPLIN CINEMA,2024-02-02,-760673.9,-2205.45,DEBIT,Entertainment
KZ67269719619,2024-02-02,KCELL PAYMENT,2024-02-02,-1363141.23,-2051.47,DEBIT,Utilities
KZ67269719619,2024-02-02,STEAM GAMES,2024-02-02,-1461353.2,-17996.32,DEBIT,Entertainment
KZ67269719619,2024-02-02,KASPI KREDIT PAYMENT,2024-02-02,-1113948.83,-64477.72,DEBIT,Loan & Finance
KZ67269719619,2024-02-03,UNIVERSITY TUITION,2024-02-03,-1947266.48,-80215.64,DEBIT,Education
KZ67269719619,2024-02-04,SALARY KASPI BANK,2024-02-04,-688896.28,334231.85,CREDIT,Income
KZ67269719619,2024-02-04,AIR ASTANA TICKET,2024-02-04,-1013111.83,-71377.79,DEBIT,Transport
KZ67269719619,2024-02-04,LOCAL CAFE,2024-02-04,-1361089.76,-702.48,DEBIT,Food & Dining
KZ67269719619,2024-02-05,SULPAK ELECTRONICS,2024-02-05,-1443356.87,-80215.64,DEBIT,Shopping
KZ67269719619,2024-02-05,KINOPARK TICKET,2024-02-05,-692274.61,-3378.33,DEBIT,Entertainment
KZ67269719619,2024-02-05,MCDONALDS ALMATY,2024-02-05,-1747664.68,-1413.24,DEBIT,Food & Dining
KZ67269719619,2024-02-07,WILDBERRIES KZ,2024-02-07,-2234243.47,-6075.69,DEBIT,Shopping
KZ67269719619,2024-02-07,SULPAK ELECTRONICS,2024-02-07,-1354826.83,-80215.64,DEBIT,Shopping
KZ67269719619,2024-02-07,TELE2 KZ PAYMENT,2024-02-07,-1019193.42,-1256.4,DEBIT,Utilities
KZ67269719619,2024-02-08,OLYMPIC PLUS CLINIC,2024-02-08,-1048068.7,-28875.28,DEBIT,Healthcare
KZ67269719619,2024-02-09,SKILLBOX KZ,2024-02-09,-1826740.72,-30867.59,DEBIT,Education
KZ67269719619,2024-02-09,FREEDOM FINANCE EMI,2024-02-09,-1274611.18,-23698.26,DEBIT,Loan & Finance
KZ67269719619,2024-02-10,KFC ALMATY,2024-02-10,-1250912.92,-3948.93,DEBIT,Food & Dining
KZ67269719619,2024-02-10,АЗС HELIOS PETROL,2024-02-10,-1606845.14,-15895.22,DEBIT,Transport
KZ67269719619,2024-02-10,SULPAK ELECTRONICS,2024-02-10,-2034395.14,-80215.64,DEBIT,Shopping
KZ67269719619,2024-02-10,HALYK FINANCE LOAN,2024-02-10,-2171288.83,-80215.64,DEBIT,Loan & Finance
KZ67269719619,2024-02-11,LOCAL CAFE,2024-02-11,-1127886.86,-2489.59,DEBIT,Food & Dining
KZ67269719619,2024-02-11,TELE2 KZ PAYMENT,2024-02-11,-1049471.11,-1402.42,DEBIT,Utilities
KZ67269719619,2024-02-11,KASPI SHOP PURCHASE,2024-02-11,-941734.03,-20628.84,DEBIT,Shopping
KZ67269719619,2024-02-11,SPOTIFY PREMIUM,2024-02-11,-1867050.84,-1266.5,DEBIT,Entertainment
KZ67269719619,2024-02-12,ALMATY ENERGO ELECTRIC,2024-02-12,-2299044.6,-9398.42,DEBIT,Utilities
KZ67269719619,2024-02-12,WILDBERRIES KZ,2024-02-12,-1653417.12,-46571.98,DEBIT,Shopping
KZ67269719619,2024-02-13,WILDBERRIES KZ,2024-02-13,-1795873.13,-45462.85,DEBIT,Shopping
KZ67269719619,2024-02-14,TELE2 KZ PAYMENT,2024-02-14,-1500083.07,-1920.46,DEBIT,Utilities
KZ67269719619,2024-02-14,KTZ RAILWAY TICKET,2024-02-14,-2091073.19,-20270.67,DEBIT,Transport
KZ67269719619,2024-02-14,KFC ALMATY,2024-02-14,-1659116.19,-5699.07,DEBIT,Food & Dining
KZ67269719619,2024-02-15,TELE2 KZ PAYMENT,2024-02-15,-1750410.28,-1633.19,DEBIT,Utilities
KZ67269719619,2024-02-17,INVIVO CLINIC,2024-02-17,-1137738.61,-9851.75,DEBIT,Healthcare
KZ67269719619,2024-02-18,WILDBERRIES KZ,2024-02-18,-1490366.2,-27160.01,DEBIT,Shopping
KZ67269719619,2024-02-18,MAGNUM SUPERMARKET,2024-02-18,-2065452.75,-24743.53,DEBIT,Shopping
KZ67269719619,2024-02-18,LOCAL CAFE,2024-02-18,-2037611.44,-3216.3,DEBIT,Food & Dining
KZ67269719619,2024-02-19,TELE2 KZ PAYMENT,2024-02-19,-1463206.18,-1852.99,DEBIT,Utilities
KZ67269719619,2024-02-19,APTEKA SAINT LUKE,2024-02-19,-1115077.25,-1128.42,DEBIT,Healthcare
KZ67269719619,2024-02-20,SULPAK ELECTRONICS,2024-02-20,-758468.45,-66193.85,DEBIT,Shopping
KZ67269719619,2024-02-21,YANDEX GO RIDE,2024-02-21,-1748777.08,-1112.4,DEBIT,Transport
KZ67269719619,2024-02-21,MCDONALDS ALMATY,2024-02-21,-1590949.92,-1307.61,DEBIT,Food & Dining
KZ67269719619,2024-02-23,STEAM GAMES,2024-02-23,-1155047.46,-17308.85,DEBIT,Entertainment
KZ67269719619,2024-02-23,KFC ALMATY,2024-02-23,-1016893.18,-3781.35,DEBIT,Food & Dining
KZ67269719619,2024-02-23,INSURANCE PAYMENT,2024-02-23,-1125397.27,-10320.01,DEBIT,Loan & Finance
KZ67269719619,2024-02-24,COURSERA SUBSCRIPTION,2024-02-24,-2228167.78,-12750.0,DEBIT,Education
KZ67269719619,2024-02-24,TECHNODOM KZ,2024-02-24,-1746251.44,-80215.64,DEBIT,Shopping
KZ67269719619,2024-02-25,WOLT DELIVERY,2024-02-25,-1498162.61,-7796.41,DEBIT,Food & Dining
KZ67269719619,2024-02-25,WILDBERRIES KZ,2024-02-25,-1865784.34,-39043.63,DEBIT,Shopping
KZ67269719619,2024-02-26,MCDONALDS ALMATY,2024-02-26,-1017937.02,-1043.84,DEBIT,Food & Dining
KZ67269719619,2024-02-26,WILDBERRIES KZ,2024-02-26,-2289646.18,-55402.71,DEBIT,Shopping
KZ67269719619,2024-02-26,METRO CASH AND CARRY,2024-02-26,-2215417.78,-14220.39,DEBIT,Shopping
KZ67269719619,2024-02-26,SPOTIFY PREMIUM,2024-02-26,-1163668.59,-1266.5,DEBIT,Entertainment
KZ67269719619,2024-02-26,KASPI KREDIT PAYMENT,2024-02-26,-1589642.31,-80215.64,DEBIT,Loan & Finance
KZ67269719619,2024-02-27,KASPI SHOP PURCHASE,2024-02-27,-840889.55,-80215.64,DEBIT,Shopping
KZ67269719619,2024-02-27,BURGER KING KZ,2024-02-27,-2176170.19,-4881.36,DEBIT,Food & Dining
KZ67269719619,2024-02-27,TECHNODOM KZ,2024-02-27,-921105.19,-80215.64,DEBIT,Shopping
KZ67269719619,2024-02-27,ALMATY ENERGO ELECTRIC,2024-02-27,-1954179.5,-6913.01,DEBIT,Utilities
KZ67269719619,2024-02-28,АЗС SINOOIL FUEL,2024-02-28,-2189636.35,-13466.16,DEBIT,Transport
KZ67269719619,2024-02-28,SMALL SUPERMARKET,2024-02-28,-2201197.39,-11561.04,DEBIT,Shopping
KZ67269719619,2024-02-28,BEELINE KZ RECHARGE,2024-02-28,-2040709.22,-3097.78,DEBIT,Utilities
KZ67269719619,2024-02-28,MCDONALDS ALMATY,2024-02-28,-1666035.8,-3974.55,DEBIT,Food & Dining
KZ67269719619,2024-02-28,INSURANCE PAYMENT,2024-02-28,-1162402.09,-7354.63,DEBIT,Loan & Finance
KZ67269719619,2024-02-28,АЗС SINOOIL FUEL,2024-02-28,-2306395.93,-7351.33,DEBIT,Transport
KZ67269719619,2024-02-28,ALMATY ENERGO ELECTRIC,2024-02-28,-1360387.29,-5560.46,DEBIT,Utilities
KZ67269719619,2024-03-01,MAGNUM SUPERMARKET,2024-03-01,-3613796.53,-16194.12,DEBIT,Shopping
KZ67269719619,2024-03-01,SULPAK ELECTRONICS,2024-03-01,-3186857.03,-82387.79,DEBIT,Shopping
KZ67269719619,2024-03-02,АЗС SINOOIL FUEL,2024-03-02,-2355095.37,-7873.97,DEBIT,Transport
KZ67269719619,2024-03-02,STEAM GAMES,2024-03-02,-2840157.37,-3521.44,DEBIT,Entertainment
KZ67269719619,2024-03-02,UDEMY COURSE,2024-03-02,-2850281.54,-6224.54,DEBIT,Education
KZ67269719619,2024-03-03,INSURANCE PAYMENT,2024-03-03,-2858248.34,-7966.8,DEBIT,Loan & Finance
KZ67269719619,2024-03-03,AIR ASTANA TICKET,2024-03-03,-2427020.5,-71925.13,DEBIT,Transport
KZ67269719619,2024-03-03,BURGER KING KZ,2024-03-03,-2346280.9,-3220.35,DEBIT,Food & Dining
KZ67269719619,2024-03-04,INSURANCE PAYMENT,2024-03-04,-3770342.44,-16874.05,DEBIT,Loan & Finance
KZ67269719619,2024-03-04,INDRIVE TRIP,2024-03-04,-2681345.53,-706.18,DEBIT,Transport
KZ67269719619,2024-03-05,LOCAL CAFE,2024-03-05,-1966172.61,-3059.17,DEBIT,Food & Dining
KZ67269719619,2024-03-05,NETFLIX SUBSCRIPTION,2024-03-05,-2192767.72,-4740.5,DEBIT,Entertainment
KZ67269719619,2024-03-06,SALARY KASPI BANK,2024-03-06,-1963113.45,343282.48,CREDIT,Income
KZ67269719619,2024-03-06,ЖКХ КОММУНАЛКА,2024-03-06,-2677069.5,-34341.03,DEBIT,Utilities
KZ67269719619,2024-03-06,CHAPLIN CINEMA,2024-03-06,-2515507.35,-3472.11,DEBIT,Entertainment
KZ67269719619,2024-03-06,SMALL SUPERMARKET,2024-03-06,-2257761.42,-10234.73,DEBIT,Shopping
KZ67269719619,2024-03-07,FLY ARYSTAN,2024-03-07,-2567746.04,-52238.69,DEBIT,Transport
KZ67269719619,2024-03-08,CHOCOFOOD ORDER,2024-03-08,-3709487.88,-3997.76,DEBIT,Food & Dining
KZ67269719619,2024-03-08,METRO CASH AND CARRY,2024-03-08,-2892758.23,-29583.91,DEBIT,Shopping
KZ67269719619,2024-03-08,LOCAL CAFE,2024-03-08,-2081787.08,-2327.91,DEBIT,Food & Dining
KZ67269719619,2024-03-11,MCDONALDS ALMATY,2024-03-11,-3597602.41,-3501.99,DEBIT,Food & Dining
KZ67269719619,2024-03-11,CHOCOFOOD ORDER,2024-03-11,-3576707.65,-8405.95,DEBIT,Food & Dining
KZ67269719619,2024-03-13,KCELL PAYMENT,2024-03-13,-2863174.32,-4345.11,DEBIT,Utilities
KZ67269719619,2024-03-14,FLY ARYSTAN,2024-03-14,-2037439.62,-57017.0,DEBIT,Transport
KZ67269719619,2024-03-14,SULPAK ELECTRONICS,2024-03-14,-2642728.47,-74982.43,DEBIT,Shopping
KZ67269719619,2024-03-14,INDRIVE TRIP,2024-03-14,-3104469.23,-2735.43,DEBIT,Transport
KZ67269719619,2024-03-14,CHOCOFOOD ORDER,2024-03-14,-2844057.0,-3899.63,DEBIT,Food & Dining
KZ67269719619,2024-03-15,LOCAL CAFE,2024-03-15,-2512035.23,-1686.44,DEBIT,Food & Dining
KZ67269719619,2024-03-15,BEELINE KZ RECHARGE,2024-03-15,-2247526.7,-3005.71,DEBIT,Utilities
KZ67269719619,2024-03-15,NETFLIX SUBSCRIPTION,2024-03-15,-3618537.03,-4740.5,DEBIT,Entertainment
KZ67269719619,2024-03-15,FREEDOM FINANCE EMI,2024-03-15,-3474202.47,-39940.31,DEBIT,Loan & Finance
KZ67269719619,2024-03-16,APTEKA SAINT LUKE,2024-03-16,-3434262.17,-3643.26,DEBIT,Healthcare
KZ67269719619,2024-03-16,HALYK FINANCE LOAN,2024-03-16,-2340149.22,-82387.79,DEBIT,Loan & Finance
KZ67269719619,2024-03-16,TECHNODOM KZ,2024-03-16,-3568301.7,-82387.79,DEBIT,Shopping
KZ67269719619,2024-03-16,LOCAL CAFE,2024-03-16,-3275455.39,-1670.74,DEBIT,Food & Dining
KZ67269719619,2024-03-17,YANDEX GO RIDE,2024-03-17,-3592113.26,-2379.23,DEBIT,Transport
KZ67269719619,2024-03-17,KASPI KREDIT PAYMENT,2024-03-17,-3335468.41,-60013.02,DEBIT,Loan & Finance
KZ67269719619,2024-03-17,TECHNODOM KZ,2024-03-17,-3417856.21,-82387.79,DEBIT,Shopping
KZ67269719619,2024-03-17,UNIVERSITY TUITION,2024-03-17,-2509408.3,-82387.79,DEBIT,Education
KZ67269719619,2024-03-18,AIR ASTANA TICKET,2024-03-18,-2244520.99,-51753.27,DEBIT,Transport
KZ67269719619,2024-03-18,TELE2 KZ PAYMENT,2024-03-18,-3840676.87,-2947.08,DEBIT,Utilities
KZ67269719619,2024-03-18,AIR ASTANA TICKET,2024-03-18,-2975146.03,-82387.79,DEBIT,Transport
KZ67269719619,2024-03-19,YOUTUBE PREMIUM,2024-03-19,-2347221.4,-940.5,DEBIT,Entertainment
KZ67269719619,2024-03-19,АЗС SINOOIL FUEL,2024-03-19,-2990291.63,-15145.6,DEBIT,Transport
KZ67269719619,2024-03-20,TECHNODOM KZ,2024-03-20,-3700924.82,-82387.79,DEBIT,Shopping
KZ67269719619,2024-03-20,LOCAL CAFE,2024-03-20,-2684919.75,-3574.22,DEBIT,Food & Dining
KZ67269719619,2024-03-20,INSURANCE PAYMENT,2024-03-20,-2188027.22,-16855.98,DEBIT,Loan & Finance
KZ67269719619,2024-03-21,KASPI KREDIT PAYMENT,2024-03-21,-3753468.39,-43980.52,DEBIT,Loan & Finance
KZ67269719619,2024-03-21,INDRIVE TRIP,2024-03-21,-3594100.41,-1987.15,DEBIT,Transport
KZ67269719619,2024-03-21,CHAPLIN CINEMA,2024-03-21,-2680639.35,-3569.85,DEBIT,Entertainment
KZ67269719619,2024-03-21,АЗС SINOOIL FUEL,2024-03-21,-3430618.91,-12762.7,DEBIT,Transport
KZ67269719619,2024-03-22,YOUTUBE PREMIUM,2024-03-22,-2510348.8,-940.5,DEBIT,Entertainment
KZ67269719619,2024-03-22,CHAPLIN CINEMA,2024-03-22,-2722639.55,-2174.38,DEBIT,Entertainment
KZ67269719619,2024-03-23,BURGER KING KZ,2024-03-23,-2994645.7,-4354.08,DEBIT,Food & Dining
KZ67269719619,2024-03-23,BURGER KING KZ,2024-03-23,-3705490.12,-4565.3,DEBIT,Food & Dining
KZ67269719619,2024-03-23,APTEKA 36.6,2024-03-23,-3485913.91,-11711.43,DEBIT,Healthcare
KZ67269719619,2024-03-23,COURSERA SUBSCRIPTION,2024-03-23,-2720465.17,-14250.0,DEBIT,Education
KZ67269719619,2024-03-23,KASPI SHOP PURCHASE,2024-03-23,-2079459.17,-32392.66,DEBIT,Shopping
KZ67269719619,2024-03-23,FLY ARYSTAN,2024-03-23,-2836635.93,-48121.7,DEBIT,Transport
KZ67269719619,2024-03-24,AIR ASTANA TICKET,2024-03-24,-2762784.79,-40145.24,DEBIT,Transport
KZ67269719619,2024-03-24,UNIVERSITY TUITION,2024-03-24,-3269244.82,-82387.79,DEBIT,Education
KZ67269719619,2024-03-24,АЗС SINOOIL FUEL,2024-03-24,-3589734.04,-13026.39,DEBIT,Transport
KZ67269719619,2024-03-24,TECHNODOM KZ,2024-03-24,-2171171.24,-82387.79,DEBIT,Shopping
KZ67269719619,2024-03-24,GLOVO*ORDER,2024-03-24,-2088783.44,-6996.36,DEBIT,Food & Dining
KZ67269719619,2024-03-24,KASPI KREDIT PAYMENT,2024-03-24,-3082425.16,-82387.79,DEBIT,Loan & Finance
KZ67269719619,2024-03-25,LOCAL CAFE,2024-03-25,-3270268.62,-1023.8,DEBIT,Food & Dining
KZ67269719619,2024-03-25,FREEDOM FINANCE EMI,2024-03-25,-3837729.79,-67387.35,DEBIT,Loan & Finance
KZ67269719619,2024-03-25,COURSERA SUBSCRIPTION,2024-03-25,-1980422.61,-14250.0,DEBIT,Education
KZ67269719619,2024-03-26,INVIVO CLINIC,2024-03-26,-3101733.8,-19308.65,DEBIT,Healthcare
KZ67269719619,2024-03-26,INDRIVE TRIP,2024-03-26,-2858829.21,-580.87,DEBIT,Transport
KZ67269719619,2024-03-27,MAGNUM SUPERMARKET,2024-03-27,-2706215.17,-21295.42,DEBIT,Shopping
KZ67269719619,2024-03-27,KAZAKHTELECOM INTERNET,2024-03-27,-2788514.23,-7059.59,DEBIT,Utilities
KZ67269719619,2024-03-28,APTEKA 36.6,2024-03-28,-2047066.51,-9626.89,DEBIT,Healthcare
KZ67269719619,2024-03-29,STEAM GAMES,2024-03-29,-2781454.64,-18669.85,DEBIT,Entertainment
KZ67269719619,2024-03-29,BEELINE KZ RECHARGE,2024-03-29,-2343060.56,-2911.34,DEBIT,Utilities
KZ67269719619,2024-03-29,LOCAL CAFE,2024-03-29,-3273784.65,-3516.03,DEBIT,Food & Dining
KZ67269719619,2024-03-29,ВОДОКАНАЛ PAYMENT,2024-03-29,-3000037.36,-5391.66,DEBIT,Utilities
KZ67269719619,2024-03-31,YOUTUBE PREMIUM,2024-03-31,-4445636.82,-940.5,DEBIT,Entertainment
KZ67269719619,2024-04-01,LOCAL CAFE,2024-04-01,-3542033.94,-1132.25,DEBIT,Food & Dining
KZ67269719619,2024-04-01,CHAPLIN CINEMA,2024-04-01,-3803538.95,-4034.12,DEBIT,Entertainment
KZ67269719619,2024-04-01,MCDONALDS ALMATY,2024-04-01,-5131807.91,-3504.99,DEBIT,Food & Dining
KZ67269719619,2024-04-02,SALARY KASPI BANK,2024-04-02,-3491355.67,349321.2,CREDIT,Income
KZ67269719619,2024-04-02,АЗС HELIOS PETROL,2024-04-02,-4493367.77,-9750.3,DEBIT,Transport
KZ67269719619,2024-04-03,AIR ASTANA TICKET,2024-04-03,-4862384.7,-83837.09,DEBIT,Transport
KZ67269719619,2024-04-03,FLY ARYSTAN,2024-04-03,-3540901.69,-49546.02,DEBIT,Transport
KZ67269719619,2024-04-03,FLY ARYSTAN,2024-04-03,-4444696.32,-73518.3,DEBIT,Transport
KZ67269719619,2024-04-03,METRO CASH AND CARRY,2024-04-03,-4687256.38,-21097.51,DEBIT,Shopping
KZ67269719619,2024-04-04,BEELINE KZ RECHARGE,2024-04-04,-3993473.19,-3400.3,DEBIT,Utilities
KZ67269719619,2024-04-04,UNUSUAL LARGE TRANSACTION,2024-04-04,-5907714.59,-329891.28,DEBIT,Other
KZ67269719619,2024-04-04,BURGER KING KZ,2024-04-04,-4693770.02,-3715.17,DEBIT,Food & Dining
KZ67269719619,2024-04-05,SULPAK ELECTRONICS,2024-04-05,-5339589.5,-83837.09,DEBIT,Shopping
KZ67269719619,2024-04-05,TECHNODOM KZ,2024-04-05,-5381434.64,-41845.14,DEBIT,Shopping
KZ67269719619,2024-04-05,OLYMPIC PLUS CLINIC,2024-04-05,-3871497.6,-45956.64,DEBIT,Healthcare
KZ67269719619,2024-04-05,ALMATY ENERGO ELECTRIC,2024-04-05,-4371178.02,-9026.95,DEBIT,Utilities
KZ67269719619,2024-04-06,AIR ASTANA TICKET,2024-04-06,-5568042.15,-83837.09,DEBIT,Transport
KZ67269719619,2024-04-06,NETFLIX SUBSCRIPTION,2024-04-06,-4362151.07,-4740.5,DEBIT,Entertainment
KZ67269719619,2024-04-06,KASPI KREDIT PAYMENT,2024-04-06,-4579950.5,-66595.26,DEBIT,Loan & Finance
KZ67269719619,2024-04-07,KASPI KREDIT PAYMENT,2024-04-07,-4666158.87,-83837.09,DEBIT,Loan & Finance
KZ67269719619,2024-04-07,GLOVO*ORDER,2024-04-07,-4351934.05,-11922.63,DEBIT,Food & Dining
KZ67269719619,2024-04-07,SMALL SUPERMARKET,2024-04-07,-3874110.26,-2612.66,DEBIT,Shopping
KZ67269719619,2024-04-08,TELE2 KZ PAYMENT,2024-04-08,-4582321.78,-2371.28,DEBIT,Utilities
KZ67269719619,2024-04-08,MCDONALDS ALMATY,2024-04-08,-5083470.44,-2973.54,DEBIT,Food & Dining
KZ67269719619,2024-04-08,CHAPLIN CINEMA,2024-04-08,-4513355.25,-3398.29,DEBIT,Entertainment
KZ67269719619,2024-04-09,OLYMPIC PLUS CLINIC,2024-04-09,-3742757.94,-12523.23,DEBIT,Healthcare
KZ67269719619,2024-04-10,METRO CASH AND CARRY,2024-04-10,-4962389.52,-45803.11,DEBIT,Shopping
KZ67269719619,2024-04-10,CHOCOFOOD ORDER,2024-04-10,-4306415.63,-8673.29,DEBIT,Food & Dining
KZ67269719619,2024-04-11,АЗС SINOOIL FUEL,2024-04-11,-4509956.96,-16589.19,DEBIT,Transport
KZ67269719619,2024-04-11,GLOVO*ORDER,2024-04-11,-5481476.37,-11161.52,DEBIT,Food & Dining
KZ67269719619,2024-04-13,KASPI KREDIT PAYMENT,2024-04-13,-5128302.92,-28404.49,DEBIT,Loan & Finance
KZ67269719619,2024-04-13,METRO CASH AND CARRY,2024-04-13,-4483617.47,-22756.93,DEBIT,Shopping
KZ67269719619,2024-04-13,HALYK FINANCE LOAN,2024-04-13,-5214075.39,-82267.48,DEBIT,Loan & Finance
KZ67269719619,2024-04-13,TECHNODOM KZ,2024-04-13,-4132581.38,-83837.09,DEBIT,Shopping
KZ67269719619,2024-04-14,WILDBERRIES KZ,2024-04-14,-3790374.71,-47616.77,DEBIT,Shopping
KZ67269719619,2024-04-14,SMALL SUPERMARKET,2024-04-14,-4155867.78,-4222.84,DEBIT,Shopping
KZ67269719619,2024-04-15,FREEDOM FINANCE EMI,2024-04-15,-4898685.34,-36300.64,DEBIT,Loan & Finance
KZ67269719619,2024-04-17,GLOVO*ORDER,2024-04-17,-3630130.93,-10920.89,DEBIT,Food & Dining
KZ67269719619,2024-04-17,INSURANCE PAYMENT,2024-04-17,-5099898.43,-6034.15,DEBIT,Loan & Finance
KZ67269719619,2024-04-17,TELE2 KZ PAYMENT,2024-04-17,-5484205.06,-2728.69,DEBIT,Utilities
KZ67269719619,2024-04-17,ALMATY ENERGO ELECTRIC,2024-04-17,-5577823.31,-9781.16,DEBIT,Utilities
KZ67269719619,2024-04-17,TECHNODOM KZ,2024-04-17,-4777607.11,-83837.09,DEBIT,Shopping
KZ67269719619,2024-04-18,SMALL SUPERMARKET,2024-04-18,-5090971.49,-7501.06,DEBIT,Shopping
KZ67269719619,2024-04-18,METRO CASH AND CARRY,2024-04-18,-5066049.67,-19823.07,DEBIT,Shopping
KZ67269719619,2024-04-18,HALYK FINANCE LOAN,2024-04-18,-5046226.61,-83837.09,DEBIT,Loan & Finance
KZ67269719619,2024-04-18,FREEDOM FINANCE EMI,2024-04-18,-3619210.04,-57090.08,DEBIT,Loan & Finance
KZ67269719619,2024-04-18,WOLT DELIVERY,2024-04-18,-4690054.85,-2798.47,DEBIT,Food & Dining
KZ67269719619,2024-04-19,YANDEX GO RIDE,2024-04-19,-5093864.28,-2892.79,DEBIT,Transport
KZ67269719619,2024-04-19,SPOTIFY PREMIUM,2024-04-19,-3959362.85,-1415.5,DEBIT,Entertainment
KZ67269719619,2024-04-19,APTEKA SAINT LUKE,2024-04-19,-5080496.9,-6202.46,DEBIT,Healthcare
KZ67269719619,2024-04-19,ВОДОКАНАЛ PAYMENT,2024-04-19,-3549847.52,-5653.52,DEBIT,Utilities
KZ67269719619,2024-04-19,UNIVERSITY TUITION,2024-04-19,-4297742.34,-83837.09,DEBIT,Education
KZ67269719619,2024-04-19,KFC ALMATY,2024-04-19,-4905330.08,-6644.74,DEBIT,Food & Dining
KZ67269719619,2024-04-19,YOUTUBE PREMIUM,2024-04-19,-4778547.61,-940.5,DEBIT,Entertainment
KZ67269719619,2024-04-20,MAGNUM SUPERMARKET,2024-04-20,-5242384.41,-28309.02,DEBIT,Shopping
KZ67269719619,2024-04-20,HALYK FINANCE LOAN,2024-04-20,-3730234.71,-31721.38,DEBIT,Loan & Finance
KZ67269719619,2024-04-20,WOLT DELIVERY,2024-04-20,-3799504.82,-9130.12,DEBIT,Food & Dining
KZ67269719619,2024-04-20,MAGNUM SUPERMARKET,2024-04-20,-5255752.41,-13368.0,DEBIT,Shopping
KZ67269719619,2024-04-21,LOCAL CAFE,2024-04-21,-3544194.0,-2160.05,DEBIT,Food & Dining
KZ67269719619,2024-04-21,SPOTIFY PREMIUM,2024-04-21,-5067465.17,-1415.5,DEBIT,Entertainment
KZ67269719619,2024-04-21,АЗС SINOOIL FUEL,2024-04-21,-4460860.54,-15223.72,DEBIT,Transport
KZ67269719619,2024-04-21,KTZ RAILWAY TICKET,2024-04-21,-3825540.97,-22002.02,DEBIT,Transport
KZ67269719619,2024-04-22,KFC ALMATY,2024-04-22,-5074294.44,-6829.27,DEBIT,Food & Dining
KZ67269719619,2024-04-22,KAZAKHTELECOM INTERNET,2024-04-22,-5386477.77,-5043.12,DEBIT,Utilities
KZ67269719619,2024-04-22,HALYK FINANCE LOAN,2024-04-22,-5470314.85,-83837.09,DEBIT,Loan & Finance
KZ67269719619,2024-04-24,INSURANCE PAYMENT,2024-04-24,-3990072.9,-9790.47,DEBIT,Loan & Finance
KZ67269719619,2024-04-24,CHOCOFOOD ORDER,2024-04-24,-4911845.91,-6515.83,DEBIT,Food & Dining
KZ67269719619,2024-04-24,STEAM GAMES,2024-04-24,-3980282.43,-20919.59,DEBIT,Entertainment
KZ67269719619,2024-04-24,ВОДОКАНАЛ PAYMENT,2024-04-24,-4357410.57,-5476.52,DEBIT,Utilities
KZ67269719619,2024-04-24,METRO CASH AND CARRY,2024-04-24,-4340011.42,-33595.79,DEBIT,Shopping
KZ67269719619,2024-04-26,AIR ASTANA TICKET,2024-04-26,-3698513.32,-68382.39,DEBIT,Transport
KZ67269719619,2024-04-26,WILDBERRIES KZ,2024-04-26,-4213905.25,-58037.47,DEBIT,Shopping
KZ67269719619,2024-04-27,STEAM GAMES,2024-04-27,-3562119.96,-12272.44,DEBIT,Entertainment
KZ67269719619,2024-04-27,STEAM GAMES,2024-04-27,-4151644.94,-19063.56,DEBIT,Entertainment
KZ67269719619,2024-04-28,NETFLIX SUBSCRIPTION,2024-04-28,-4916586.41,-4740.5,DEBIT,Entertainment
KZ67269719619,2024-04-28,SULPAK ELECTRONICS,2024-04-28,-3957947.35,-83837.09,DEBIT,Shopping
KZ67269719619,2024-04-28,HALYK FINANCE LOAN,2024-04-28,-4048744.3,-55271.1,DEBIT,Loan & Finance
KZ67269719619,2024-04-30,WOLT DELIVERY,2024-04-30,-6311032.8,-9527.78,DEBIT,Food & Dining
KZ67269719619,2024-04-30,GLOVO*ORDER,2024-04-30,-6206819.76,-5708.56,DEBIT,Food & Dining
KZ67269719619,2024-05-02,LOCAL CAFE,2024-05-02,-6408973.78,-2682.62,DEBIT,Food & Dining
KZ67269719619,2024-05-02,KFC ALMATY,2024-05-02,-6739106.2,-6156.34,DEBIT,Food & Dining
KZ67269719619,2024-05-03,HALYK FINANCE LOAN,2024-05-03,-7452555.1,-68521.1,DEBIT,Loan & Finance
KZ67269719619,2024-05-03,SALARY KASPI BANK,2024-05-03,-5540534.82,367179.77,CREDIT,Income
KZ67269719619,2024-05-03,ЖКХ КОММУНАЛКА,2024-05-03,-6934918.68,-35098.15,DEBIT,Utilities
KZ67269719619,2024-05-03,BURGER KING KZ,2024-05-03,-6893755.13,-4942.5,DEBIT,Food & Dining
KZ67269719619,2024-05-03,SULPAK ELECTRONICS,2024-05-03,-6888812.64,-88123.14,DEBIT,Shopping
KZ67269719619,2024-05-03,АЗС SINOOIL FUEL,2024-05-03,-6774271.42,-15983.07,DEBIT,Transport
KZ67269719619,2024-05-03,BEELINE KZ RECHARGE,2024-05-03,-6201111.2,-3531.76,DEBIT,Utilities
KZ67269719619,2024-05-04,INVIVO CLINIC,2024-05-04,-7047187.96,-17942.18,DEBIT,Healthcare
KZ67269719619,2024-05-04,MCDONALDS ALMATY,2024-05-04,-5915100.3,-2423.15,DEBIT,Food & Dining
KZ67269719619,2024-05-05,FREEDOM FINANCE EMI,2024-05-05,-6058428.69,-20395.25,DEBIT,Loan & Finance
KZ67269719619,2024-05-06,SKILLBOX KZ,2024-05-06,-6406291.15,-35023.71,DEBIT,Education
KZ67269719619,2024-05-06,HALYK FINANCE LOAN,2024-05-06,-5786914.14,-88123.14,DEBIT,Loan & Finance
KZ67269719619,2024-05-06,YOUTUBE PREMIUM,2024-05-06,-6702979.85,-990.0,DEBIT,Entertainment
KZ67269719619,2024-05-06,MCDONALDS ALMATY,2024-05-06,-6282223.06,-1652.84,DEBIT,Food & Dining
KZ67269719619,2024-05-06,FLY ARYSTAN,2024-05-06,-5939179.68,-24079.38,DEBIT,Transport
KZ67269719619,2024-05-07,SKILLBOX KZ,2024-05-07,-5883501.75,-53743.82,DEBIT,Education
KZ67269719619,2024-05-07,ВОДОКАНАЛ PAYMENT,2024-05-07,-5655669.88,-2215.28,DEBIT,Utilities
KZ67269719619,2024-05-08,FLY ARYSTAN,2024-05-08,-6639002.88,-53782.82,DEBIT,Transport
KZ67269719619,2024-05-08,STEAM GAMES,2024-05-08,-7384034.0,-14497.07,DEBIT,Entertainment
KZ67269719619,2024-05-09,GLOVO*ORDER,2024-05-09,-6287517.66,-5294.59,DEBIT,Food & Dining
KZ67269719619,2024-05-10,AIR ASTANA TICKET,2024-05-10,-7185502.96,-88123.14,DEBIT,Transport
KZ67269719619,2024-05-10,FREEDOM FINANCE EMI,2024-05-10,-5595161.56,-39626.73,DEBIT,Loan & Finance
KZ67269719619,2024-05-10,SULPAK ELECTRONICS,2024-05-10,-7778809.71,-74027.01,DEBIT,Shopping
KZ67269719619,2024-05-10,SPOTIFY PREMIUM,2024-05-10,-6289007.66,-1490.0,DEBIT,Entertainment
KZ67269719619,2024-05-11,FLY ARYSTAN,2024-05-11,-7527646.86,-63716.05,DEBIT,Transport
KZ67269719619,2024-05-11,KINOPARK TICKET,2024-05-11,-5790826.6,-3912.46,DEBIT,Entertainment
KZ67269719619,2024-05-12,KASPI SHOP PURCHASE,2024-05-12,-6585220.07,-88123.14,DEBIT,Shopping
KZ67269719619,2024-05-13,APTEKA SAINT LUKE,2024-05-13,-6678102.99,-3608.48,DEBIT,Healthcare
KZ67269719619,2024-05-13,WILDBERRIES KZ,2024-05-13,-6371267.44,-48012.65,DEBIT,Shopping
KZ67269719619,2024-05-14,BURGER KING KZ,2024-05-14,-6683900.33,-5797.34,DEBIT,Food & Dining
KZ67269719619,2024-05-14,METRO CASH AND CARRY,2024-05-14,-6023033.43,-44847.11,DEBIT,Shopping
KZ67269719619,2024-05-15,SKILLBOX KZ,2024-05-15,-5912677.16,-25741.06,DEBIT,Education
KZ67269719619,2024-05-15,KINOPARK TICKET,2024-05-15,-6941122.64,-4433.6,DEBIT,Entertainment
KZ67269719619,2024-05-15,SMALL SUPERMARKET,2024-05-15,-6197579.44,-9611.48,DEBIT,Shopping
KZ67269719619,2024-05-15,NETFLIX SUBSCRIPTION,2024-05-15,-6185280.42,-4990.0,DEBIT,Entertainment
KZ67269719619,2024-05-16,YANDEX GO RIDE,2024-05-16,-7528536.41,-889.54,DEBIT,Transport
KZ67269719619,2024-05-16,KCELL PAYMENT,2024-05-16,-6210880.91,-4061.15,DEBIT,Utilities
KZ67269719619,2024-05-16,SKILLBOX KZ,2024-05-16,-7097379.81,-50191.85,DEBIT,Education
KZ67269719619,2024-05-17,TECHNODOM KZ,2024-05-17,-7029245.78,-88123.14,DEBIT,Shopping
KZ67269719619,2024-05-17,KTZ RAILWAY TICKET,2024-05-17,-6758288.35,-19182.15,DEBIT,Transport
KZ67269719619,2024-05-17,АЗС SINOOIL FUEL,2024-05-17,-6301505.02,-12497.37,DEBIT,Transport
KZ67269719619,2024-05-17,HALYK FINANCE LOAN,2024-05-17,-5653454.6,-35010.36,DEBIT,Loan & Finance
KZ67269719619,2024-05-17,АЗС SINOOIL FUEL,2024-05-17,-7463930.81,-11375.72,DEBIT,Transport
KZ67269719619,2024-05-18,KASPI KREDIT PAYMENT,2024-05-18,-5829757.93,-38931.33,DEBIT,Loan & Finance
KZ67269719619,2024-05-18,GLOVO*ORDER,2024-05-18,-7351478.93,-5103.24,DEBIT,Food & Dining
KZ67269719619,2024-05-19,BEELINE KZ RECHARGE,2024-05-19,-5978186.32,-2736.8,DEBIT,Utilities
KZ67269719619,2024-05-19,MCDONALDS ALMATY,2024-05-19,-6187967.97,-2687.55,DEBIT,Food & Dining
KZ67269719619,2024-05-19,MEDICALCENTER KZ,2024-05-19,-5698791.0,-38137.43,DEBIT,Healthcare
KZ67269719619,2024-05-20,HALYK FINANCE LOAN,2024-05-20,-7616659.55,-88123.14,DEBIT,Loan & Finance
KZ67269719619,2024-05-20,WILDBERRIES KZ,2024-05-20,-6701989.85,-18089.52,DEBIT,Shopping
KZ67269719619,2024-05-20,WILDBERRIES KZ,2024-05-20,-6732949.86,-29970.01,DEBIT,Shopping
KZ67269719619,2024-05-20,SMALL SUPERMARKET,2024-05-20,-6786894.95,-12623.53,DEBIT,Shopping
KZ67269719619,2024-05-20,SMALL SUPERMARKET,2024-05-20,-6317782.27,-6749.47,DEBIT,Shopping
KZ67269719619,2024-05-21,AIR ASTANA TICKET,2024-05-21,-7323116.86,-88123.14,DEBIT,Transport
KZ67269719619,2024-05-21,AIR ASTANA TICKET,2024-05-21,-7704782.7,-88123.14,DEBIT,Transport
KZ67269719619,2024-05-21,BURGER KING KZ,2024-05-21,-7784672.47,-5862.76,DEBIT,Food & Dining
KZ67269719619,2024-05-21,KASPI KREDIT PAYMENT,2024-05-21,-6674494.51,-35491.63,DEBIT,Loan & Finance
KZ67269719619,2024-05-22,KFC ALMATY,2024-05-22,-5886936.1,-3434.35,DEBIT,Food & Dining
KZ67269719619,2024-05-22,STEAM GAMES,2024-05-22,-5618444.24,-23282.68,DEBIT,Entertainment
KZ67269719619,2024-05-22,KTZ RAILWAY TICKET,2024-05-22,-7369536.94,-18058.0,DEBIT,Transport
KZ67269719619,2024-05-22,АЗС SINOOIL FUEL,2024-05-22,-7346375.7,-13692.64,DEBIT,Transport
KZ67269719619,2024-05-22,WOLT DELIVERY,2024-05-22,-7332683.06,-9566.2,DEBIT,Food & Dining
KZ67269719619,2024-05-22,CHAPLIN CINEMA,2024-05-22,-5941489.28,-2309.59,DEBIT,Entertainment
KZ67269719619,2024-05-23,MAGNUM SUPERMARKET,2024-05-23,-6220957.33,-10076.41,DEBIT,Shopping
KZ67269719619,2024-05-24,CHOCOFOOD ORDER,2024-05-24,-6899820.53,-6065.4,DEBIT,Food & Dining
KZ67269719619,2024-05-24,FREEDOM FINANCE EMI,2024-05-24,-6180290.42,-41609.49,DEBIT,Loan & Finance
KZ67269719619,2024-05-24,SKILLBOX KZ,2024-05-24,-5975449.53,-33960.25,DEBIT,Education
KZ67269719619,2024-05-24,KASPI SHOP PURCHASE,2024-05-24,-6138680.93,-80252.24,DEBIT,Shopping
KZ67269719619,2024-05-25,COURSERA SUBSCRIPTION,2024-05-25,-5555534.82,-15000.0,DEBIT,Education
KZ67269719619,2024-05-25,CHOCOFOOD ORDER,2024-05-25,-5660653.57,-4983.68,DEBIT,Food & Dining
KZ67269719619,2024-05-26,WILDBERRIES KZ,2024-05-26,-6280570.23,-59612.9,DEBIT,Shopping
KZ67269719619,2024-05-26,COURSERA SUBSCRIPTION,2024-05-26,-6038033.43,-15000.0,DEBIT,Education
KZ67269719619,2024-05-26,INDRIVE TRIP,2024-05-26,-6936689.04,-1770.35,DEBIT,Transport
KZ67269719619,2024-05-27,AIR ASTANA TICKET,2024-05-27,-6497096.92,-88123.14,DEBIT,Transport
KZ67269719619,2024-05-27,INSURANCE PAYMENT,2024-05-27,-6800689.49,-13794.54,DEBIT,Loan & Finance
KZ67269719619,2024-05-28,KASPI KREDIT PAYMENT,2024-05-28,-7234993.72,-49490.76,DEBIT,Loan & Finance
KZ67269719619,2024-05-28,KAZAKHTELECOM INTERNET,2024-05-28,-6323254.79,-5472.52,DEBIT,Utilities
KZ67269719619,2024-05-30,ЖКХ КОММУНАЛКА,2024-05-30,-8050608.16,-41143.8,DEBIT,Utilities
KZ67269719619,2024-05-30,NETFLIX SUBSCRIPTION,2024-05-30,-8267203.2,-5239.5,DEBIT,Entertainment
KZ67269719619,2024-05-30,CHOCOFOOD ORDER,2024-05-30,-7921024.62,-7424.51,DEBIT,Food & Dining
KZ67269719619,2024-05-30,WOLT DELIVERY,2024-05-30,-9417044.02,-11735.75,DEBIT,Food & Dining
KZ67269719619,2024-05-30,HALYK FINANCE LOAN,2024-05-30,-9185913.26,-56720.49,DEBIT,Loan & Finance
KZ67269719619,2024-05-31,METRO CASH AND CARRY,2024-05-31,-7615573.2,-18003.3,DEBIT,Shopping
KZ67269719619,2024-05-31,COURSERA SUBSCRIPTION,2024-05-31,-9127628.27,-15750.0,DEBIT,Education
KZ67269719619,2024-05-31,METRO CASH AND CARRY,2024-05-31,-7680197.92,-25821.64,DEBIT,Shopping
KZ67269719619,2024-05-31,АЗС SINOOIL FUEL,2024-05-31,-9025523.23,-12344.46,DEBIT,Transport
KZ67269719619,2024-06-01,MCDONALDS ALMATY,2024-06-01,-7748169.8,-4940.76,DEBIT,Food & Dining
KZ67269719619,2024-06-01,ВОДОКАНАЛ PAYMENT,2024-06-01,-8247330.81,-6054.14,DEBIT,Utilities
KZ67269719619,2024-06-02,TECHNODOM KZ,2024-06-02,-8590762.12,-86355.03,DEBIT,Shopping
KZ67269719619,2024-06-02,LOCAL CAFE,2024-06-02,-9316653.4,-2227.9,DEBIT,Food & Dining
KZ67269719619,2024-06-02,KINOPARK TICKET,2024-06-02,-7802506.55,-5072.57,DEBIT,Entertainment
KZ67269719619,2024-06-03,MCDONALDS ALMATY,2024-06-03,-7923109.33,-2084.71,DEBIT,Food & Dining
KZ67269719619,2024-06-03,APTEKA SAINT LUKE,2024-06-03,-8599705.7,-2664.59,DEBIT,Healthcare
KZ67269719619,2024-06-03,KINOPARK TICKET,2024-06-03,-8884850.93,-4442.03,DEBIT,Entertainment
KZ67269719619,2024-06-03,SALARY KASPI BANK,2024-06-03,-7424859.83,359812.64,CREDIT,Income
KZ67269719619,2024-06-03,ВОДОКАНАЛ PAYMENT,2024-06-03,-7786178.92,-2193.73,DEBIT,Utilities
KZ67269719619,2024-06-04,KINOPARK TICKET,2024-06-04,-8887126.08,-2275.15,DEBIT,Entertainment
KZ67269719619,2024-06-04,YOUTUBE PREMIUM,2024-06-04,-8591801.62,-1039.5,DEBIT,Entertainment
KZ67269719619,2024-06-05,UNIVERSITY TUITION,2024-06-05,-8009464.36,-86355.03,DEBIT,Education
KZ67269719619,2024-06-06,HALYK FINANCE LOAN,2024-06-06,-8223318.23,-86355.03,DEBIT,Loan & Finance
KZ67269719619,2024-06-06,CHOCOFOOD ORDER,2024-06-06,-8228335.36,-5017.14,DEBIT,Food & Dining
KZ67269719619,2024-06-06,INDRIVE TRIP,2024-06-06,-9419316.16,-2272.14,DEBIT,Transport
KZ67269719619,2024-06-06,SKILLBOX KZ,2024-06-06,-9284123.51,-41140.75,DEBIT,Education
KZ67269719619,2024-06-06,LOCAL CAFE,2024-06-06,-8357463.86,-1892.85,DEBIT,Food & Dining
KZ67269719619,2024-06-06,WILDBERRIES KZ,2024-06-06,-7783985.19,-35815.39,DEBIT,Shopping
KZ67269719619,2024-06-07,YANDEX GO RIDE,2024-06-07,-8719201.65,-2507.51,DEBIT,Transport
KZ67269719619,2024-06-07,NETFLIX SUBSCRIPTION,2024-06-07,-8597041.12,-5239.5,DEBIT,Entertainment
KZ67269719619,2024-06-07,KASPI KREDIT PAYMENT,2024-06-07,-8491408.31,-86355.03,DEBIT,Loan & Finance
KZ67269719619,2024-06-08,BURGER KING KZ,2024-06-08,-8642788.4,-5620.4,DEBIT,Food & Dining
KZ67269719619,2024-06-09,YANDEX GO RIDE,2024-06-09,-8829596.79,-4057.89,DEBIT,Transport
KZ67269719619,2024-06-09,INDRIVE TRIP,2024-06-09,-8269215.98,-2012.77,DEBIT,Transport
KZ67269719619,2024-06-10,UDEMY COURSE,2024-06-10,-8617802.51,-14937.28,DEBIT,Education
KZ67269719619,2024-06-10,KFC ALMATY,2024-06-10,-9430299.5,-7688.7,DEBIT,Food & Dining
KZ67269719619,2024-06-10,FLY ARYSTAN,2024-06-10,-8668535.94,-25747.54,DEBIT,Transport
KZ67269719619,2024-06-10,KINOPARK TICKET,2024-06-10,-8602865.24,-3159.53,DEBIT,Entertainment
KZ67269719619,2024-06-11,KTZ RAILWAY TICKET,2024-06-11,-8626046.71,-7195.93,DEBIT,Transport
KZ67269719619,2024-06-11,LOCAL CAFE,2024-06-11,-7743229.04,-4184.84,DEBIT,Food & Dining
KZ67269719619,2024-06-11,INSURANCE PAYMENT,2024-06-11,-7797433.98,-11255.06,DEBIT,Loan & Finance
KZ67269719619,2024-06-11,KINOPARK TICKET,2024-06-11,-9311541.7,-4121.83,DEBIT,Entertainment
KZ67269719619,2024-06-11,CHAPLIN CINEMA,2024-06-11,-9318953.24,-2299.83,DEBIT,Entertainment
KZ67269719619,2024-06-12,TECHNODOM KZ,2024-06-12,-8355571.01,-86355.03,DEBIT,Shopping
KZ67269719619,2024-06-12,MAGNUM SUPERMARKET,2024-06-12,-8261963.7,-14632.89,DEBIT,Shopping
KZ67269719619,2024-06-13,MCDONALDS ALMATY,2024-06-13,-8229885.31,-1549.95,DEBIT,Food & Dining
KZ67269719619,2024-06-13,APTEKA SAINT LUKE,2024-06-13,-9196376.74,-10463.48,DEBIT,Healthcare
KZ67269719619,2024-06-14,KFC ALMATY,2024-06-14,-7913600.11,-4361.36,DEBIT,Food & Dining
KZ67269719619,2024-06-14,SULPAK ELECTRONICS,2024-06-14,-7511214.87,-86355.03,DEBIT,Shopping
KZ67269719619,2024-06-15,LOCAL CAFE,2024-06-15,-8618850.78,-1048.26,DEBIT,Food & Dining
KZ67269719619,2024-06-15,SULPAK ELECTRONICS,2024-06-15,-9111878.27,-86355.03,DEBIT,Shopping
KZ67269719619,2024-06-15,UNIVERSITY TUITION,2024-06-15,-9405308.27,-86355.03,DEBIT,Education
KZ67269719619,2024-06-16,TECHNODOM KZ,2024-06-16,-8136963.2,-86355.03,DEBIT,Shopping
KZ67269719619,2024-06-18,MEDICALCENTER KZ,2024-06-18,-7654376.27,-38803.07,DEBIT,Healthcare
KZ67269719619,2024-06-18,INVIVO CLINIC,2024-06-18,-8637167.99,-8183.56,DEBIT,Healthcare
KZ67269719619,2024-06-19,SPOTIFY PREMIUM,2024-06-19,-9129192.77,-1564.5,DEBIT,Entertainment
KZ67269719619,2024-06-19,ЖКХ КОММУНАЛКА,2024-06-19,-8926823.74,-18531.62,DEBIT,Utilities
KZ67269719619,2024-06-19,MEDICALCENTER KZ,2024-06-19,-8908292.12,-19783.13,DEBIT,Healthcare
KZ67269719619,2024-06-19,YANDEX GO RIDE,2024-06-19,-7909238.75,-3352.87,DEBIT,Transport
KZ67269719619,2024-06-19,KTZ RAILWAY TICKET,2024-06-19,-8733229.21,-14027.55,DEBIT,Transport
KZ67269719619,2024-06-19,KASPI KREDIT PAYMENT,2024-06-19,-8716694.14,-48158.2,DEBIT,Loan & Finance
KZ67269719619,2024-06-19,SMALL SUPERMARKET,2024-06-19,-8501351.44,-9943.13,DEBIT,Shopping
KZ67269719619,2024-06-20,MEDICALCENTER KZ,2024-06-20,-8850550.47,-18480.08,DEBIT,Healthcare
KZ67269719619,2024-06-21,ВОДОКАНАЛ PAYMENT,2024-06-21,-8822565.63,-2981.4,DEBIT,Utilities
KZ67269719619,2024-06-21,TECHNODOM KZ,2024-06-21,-7739044.2,-58846.28,DEBIT,Shopping
KZ67269719619,2024-06-21,KASPI SHOP PURCHASE,2024-06-21,-9242982.76,-46606.02,DEBIT,Shopping
KZ67269719619,2024-06-21,LOCAL CAFE,2024-06-21,-8504407.08,-3055.64,DEBIT,Food & Dining
KZ67269719619,2024-06-21,АЗС SINOOIL FUEL,2024-06-21,-9307419.87,-18719.74,DEBIT,Transport
KZ67269719619,2024-06-22,KCELL PAYMENT,2024-06-22,-9422610.8,-3294.64,DEBIT,Utilities
KZ67269719619,2024-06-22,AIR ASTANA TICKET,2024-06-22,-9013178.77,-86355.03,DEBIT,Transport
KZ67269719619,2024-06-22,INDRIVE TRIP,2024-06-22,-8628984.44,-2937.73,DEBIT,Transport
KZ67269719619,2024-06-23,TELE2 KZ PAYMENT,2024-06-23,-8888508.98,-1382.9,DEBIT,Utilities
KZ67269719619,2024-06-23,CHOCOFOOD ORDER,2024-06-23,-8241276.67,-8812.62,DEBIT,Food & Dining
KZ67269719619,2024-06-23,FLY ARYSTAN,2024-06-23,-8405053.27,-47589.42,DEBIT,Transport
KZ67269719619,2024-06-24,KFC ALMATY,2024-06-24,-9314425.5,-2883.8,DEBIT,Food & Dining
KZ67269719619,2024-06-24,UNIVERSITY TUITION,2024-06-24,-7597569.9,-86355.03,DEBIT,Education
KZ67269719619,2024-06-26,YOUTUBE PREMIUM,2024-06-26,-9285163.01,-1039.5,DEBIT,Entertainment
KZ67269719619,2024-06-26,ВОДОКАНАЛ PAYMENT,2024-06-26,-8825538.91,-2973.27,DEBIT,Utilities
KZ67269719619,2024-06-26,YANDEX GO RIDE,2024-06-26,-8232464.05,-2578.74,DEBIT,Transport
KZ67269719619,2024-06-27,AIR ASTANA TICKET,2024-06-27,-8819584.24,-86355.03,DEBIT,Transport
KZ67269719619,2024-06-27,INSURANCE PAYMENT,2024-06-27,-7819530.85,-17024.3,DEBIT,Loan & Finance
KZ67269719619,2024-06-27,LOCAL CAFE,2024-06-27,-8832070.39,-2473.6,DEBIT,Food & Dining
KZ67269719619,2024-06-27,HALYK FINANCE LOAN,2024-06-27,-7905885.88,-86355.03,DEBIT,Loan & Finance
KZ67269719619,2024-06-27,YANDEX GO RIDE,2024-06-27,-9288700.13,-3537.12,DEBIT,Transport
KZ67269719619,2024-06-27,METRO CASH AND CARRY,2024-06-27,-8880408.91,-29858.44,DEBIT,Shopping
KZ67269719619,2024-06-29,CHAPLIN CINEMA,2024-06-29,-9358951.04,-3164.98,DEBIT,Entertainment
KZ67269719619,2024-06-29,INSURANCE PAYMENT,2024-06-29,-10384325.14,-8582.11,DEBIT,Loan & Finance
KZ67269719619,2024-06-29,KASPI SHOP PURCHASE,2024-06-29,-9657698.18,-86277.12,DEBIT,Shopping
KZ67269719619,2024-06-29,MCDONALDS ALMATY,2024-06-29,-9099667.93,-2833.23,DEBIT,Food & Dining
KZ67269719619,2024-07-01,ALMATY ENERGO ELECTRIC,2024-07-01,-10620028.09,-10856.72,DEBIT,Utilities
KZ67269719619,2024-07-02,GLOVO*ORDER,2024-07-02,-11086099.69,-13540.99,DEBIT,Food & Dining
KZ67269719619,2024-07-02,HALYK FINANCE LOAN,2024-07-02,-10200860.78,-86277.12,DEBIT,Loan & Finance
KZ67269719619,2024-07-02,TELE2 KZ PAYMENT,2024-07-02,-10283976.9,-1437.35,DEBIT,Utilities
KZ67269719619,2024-07-02,CHOCOFOOD ORDER,2024-07-02,-10687680.62,-10794.73,DEBIT,Food & Dining
KZ67269719619,2024-07-02,FREEDOM FINANCE EMI,2024-07-02,-11339406.62,-38882.23,DEBIT,Loan & Finance
KZ67269719619,2024-07-03,BURGER KING KZ,2024-07-03,-9900332.42,-4969.44,DEBIT,Food & Dining
KZ67269719619,2024-07-03,METRO CASH AND CARRY,2024-07-03,-9405062.44,-46111.4,DEBIT,Shopping
KZ67269719619,2024-07-03,METRO CASH AND CARRY,2024-07-03,-9139166.4,-39498.47,DEBIT,Shopping
KZ67269719619,2024-07-03,SALARY KASPI BANK,2024-07-03,-9070811.49,359488.02,CREDIT,Income
KZ67269719619,2024-07-04,MAGNUM SUPERMARKET,2024-07-04,-11447608.81,-8503.66,DEBIT,Shopping
KZ67269719619,2024-07-04,SKILLBOX KZ,2024-07-04,-9177413.78,-38247.38,DEBIT,Education
KZ67269719619,2024-07-04,BEELINE KZ RECHARGE,2024-07-04,-9087474.46,-2935.34,DEBIT,Utilities
KZ67269719619,2024-07-04,YANDEX GO RIDE,2024-07-04,-10796846.49,-3227.71,DEBIT,Transport
KZ67269719619,2024-07-05,BURGER KING KZ,2024-07-05,-11432060.95,-4112.98,DEBIT,Food & Dining
KZ67269719619,2024-07-05,MAGNUM SUPERMARKET,2024-07-05,-9429537.67,-24475.23,DEBIT,Shopping
KZ67269719619,2024-07-05,SMALL SUPERMARKET,2024-07-05,-9485143.93,-4789.22,DEBIT,Shopping
KZ67269719619,2024-07-06,TECHNODOM KZ,2024-07-06,-11427947.97,-86277.12,DEBIT,Shopping
KZ67269719619,2024-07-07,UNIVERSITY TUITION,2024-07-07,-11185638.74,-86277.12,DEBIT,Education
KZ67269719619,2024-07-08,OLYMPIC PLUS CLINIC,2024-07-08,-10433410.54,-29345.0,DEBIT,Healthcare
KZ67269719619,2024-07-08,KASPI SHOP PURCHASE,2024-07-08,-10888813.3,-86277.12,DEBIT,Shopping
KZ67269719619,2024-07-08,SMALL SUPERMARKET,2024-07-08,-9974403.99,-7621.98,DEBIT,Shopping
KZ67269719619,2024-07-08,WOLT DELIVERY,2024-07-08,-9765023.78,-3019.41,DEBIT,Food & Dining
KZ67269719619,2024-07-09,ВОДОКАНАЛ PAYMENT,2024-07-09,-9084539.12,-3863.15,DEBIT,Utilities
KZ67269719619,2024-07-09,TECHNODOM KZ,2024-07-09,-9941589.98,-41257.56,DEBIT,Shopping
KZ67269719619,2024-07-10,KASPI KREDIT PAYMENT,2024-07-10,-10282539.56,-81678.78,DEBIT,Loan & Finance
KZ67269719619,2024-07-10,UDEMY COURSE,2024-07-10,-10676885.89,-14337.21,DEBIT,Education
KZ67269719619,2024-07-10,TELE2 KZ PAYMENT,2024-07-10,-10538677.21,-1532.06,DEBIT,Utilities
KZ67269719619,2024-07-10,MEDICALCENTER KZ,2024-07-10,-10015411.59,-41007.6,DEBIT,Healthcare
KZ67269719619,2024-07-10,ALMATY ENERGO ELECTRIC,2024-07-10,-11439105.15,-7044.19,DEBIT,Utilities
KZ67269719619,2024-07-10,SULPAK ELECTRONICS,2024-07-10,-10514711.75,-81301.21,DEBIT,Shopping
KZ67269719619,2024-07-10,LOCAL CAFE,2024-07-10,-9269508.94,-2072.08,DEBIT,Food & Dining
KZ67269719619,2024-07-12,АЗС SINOOIL FUEL,2024-07-12,-10404065.54,-12786.05,DEBIT,Transport
KZ67269719619,2024-07-12,KFC ALMATY,2024-07-12,-9432823.54,-3285.87,DEBIT,Food & Dining
KZ67269719619,2024-07-12,STEAM GAMES,2024-07-12,-10989353.22,-14262.8,DEBIT,Entertainment
KZ67269719619,2024-07-13,METRO CASH AND CARRY,2024-07-13,-9469675.05,-36851.51,DEBIT,Shopping
KZ67269719619,2024-07-13,GLOVO*ORDER,2024-07-13,-10114583.65,-7405.94,DEBIT,Food & Dining
KZ67269719619,2024-07-13,STEAM GAMES,2024-07-13,-9096834.7,-3029.63,DEBIT,Entertainment
KZ67269719619,2024-07-13,WOLT DELIVERY,2024-07-13,-11072558.69,-4224.73,DEBIT,Food & Dining
KZ67269719619,2024-07-14,INSURANCE PAYMENT,2024-07-14,-9809085.86,-8789.14,DEBIT,Loan & Finance
KZ67269719619,2024-07-14,YANDEX GO RIDE,2024-07-14,-11092394.7,-1513.61,DEBIT,Transport
KZ67269719619,2024-07-14,BURGER KING KZ,2024-07-14,-9480354.71,-2790.2,DEBIT,Food & Dining
KZ67269719619,2024-07-14,FREEDOM FINANCE EMI,2024-07-14,-10609171.37,-66412.55,DEBIT,Loan & Finance
KZ67269719619,2024-07-14,MAGNUM SUPERMARKET,2024-07-14,-9966782.01,-25192.03,DEBIT,Shopping
KZ67269719619,2024-07-14,TECHNODOM KZ,2024-07-14,-10793618.77,-86277.12,DEBIT,Shopping
KZ67269719619,2024-07-15,АЗС SINOOIL FUEL,2024-07-15,-9757248.08,-13272.78,DEBIT,Transport
KZ67269719619,2024-07-15,FREEDOM FINANCE EMI,2024-07-15,-9783222.08,-18198.29,DEBIT,Loan & Finance
KZ67269719619,2024-07-15,LOCAL CAFE,2024-07-15,-9785542.84,-2320.77,DEBIT,Food & Dining
KZ67269719619,2024-07-16,WILDBERRIES KZ,2024-07-16,-11276261.15,-4345.28,DEBIT,Shopping
KZ67269719619,2024-07-16,CHOCOFOOD ORDER,2024-07-16,-10389586.86,-5261.72,DEBIT,Food & Dining
KZ67269719619,2024-07-16,NETFLIX SUBSCRIPTION,2024-07-16,-10020900.59,-5489.0,DEBIT,Entertainment
KZ67269719619,2024-07-17,KFC ALMATY,2024-07-17,-9791787.52,-6244.68,DEBIT,Food & Dining
KZ67269719619,2024-07-17,TECHNODOM KZ,2024-07-17,-10107177.71,-86277.12,DEBIT,Shopping
KZ67269719619,2024-07-18,YANDEX GO RIDE,2024-07-18,-10391279.49,-1692.63,DEBIT,Transport
KZ67269719619,2024-07-18,TECHNODOM KZ,2024-07-18,-11271915.87,-86277.12,DEBIT,Shopping
KZ67269719619,2024-07-18,UNUSUAL LARGE TRANSACTION,2024-07-18,-11776869.9,-303376.13,DEBIT,Other
KZ67269719619,2024-07-18,SPOTIFY PREMIUM,2024-07-18,-9477564.51,-1639.0,DEBIT,Entertainment
KZ67269719619,2024-07-18,KAZAKHTELECOM INTERNET,2024-07-18,-9267436.86,-7072.38,DEBIT,Utilities
KZ67269719619,2024-07-18,KASPI SHOP PURCHASE,2024-07-18,-9743975.3,-86277.12,DEBIT,Shopping
KZ67269719619,2024-07-19,KFC ALMATY,2024-07-19,-9093805.07,-6330.61,DEBIT,Food & Dining
KZ67269719619,2024-07-20,INSURANCE PAYMENT,2024-07-20,-11099361.62,-6966.92,DEBIT,Loan & Finance
KZ67269719619,2024-07-20,WILDBERRIES KZ,2024-07-20,-11068333.96,-78980.74,DEBIT,Shopping
KZ67269719619,2024-07-20,TECHNODOM KZ,2024-07-20,-10975090.43,-86277.12,DEBIT,Shopping
KZ67269719619,2024-07-20,INVIVO CLINIC,2024-07-20,-10537145.14,-22433.39,DEBIT,Healthcare
KZ67269719619,2024-07-20,LOCAL CAFE,2024-07-20,-10662548.69,-2376.56,DEBIT,Food & Dining
KZ67269719619,2024-07-21,KCELL PAYMENT,2024-07-21,-9800296.72,-4847.04,DEBIT,Utilities
KZ67269719619,2024-07-21,LOCAL CAFE,2024-07-21,-9762004.37,-3117.29,DEBIT,Food & Dining
KZ67269719619,2024-07-22,ЖКХ КОММУНАЛКА,2024-07-22,-10660172.12,-40144.03,DEBIT,Utilities
KZ67269719619,2024-07-22,YANDEX GO RIDE,2024-07-22,-10542758.83,-4081.62,DEBIT,Transport
KZ67269719619,2024-07-23,BURGER KING KZ,2024-07-23,-10802536.18,-5689.69,DEBIT,Food & Dining
KZ67269719619,2024-07-23,INDRIVE TRIP,2024-07-23,-11341670.85,-2264.23,DEBIT,Transport
KZ67269719619,2024-07-23,AIR ASTANA TICKET,2024-07-23,-9355786.06,-86277.12,DEBIT,Transport
KZ67269719619,2024-07-24,MAGNUM SUPERMARKET,2024-07-24,-11300524.39,-24263.24,DEBIT,Shopping
KZ67269719619,2024-07-24,GLOVO*ORDER,2024-07-24,-9080675.97,-9864.48,DEBIT,Food & Dining
KZ67269719619,2024-07-24,METRO CASH AND CARRY,2024-07-24,-10701166.03,-13485.41,DEBIT,Shopping
KZ67269719619,2024-07-24,TECHNODOM KZ,2024-07-24,-11473493.77,-25884.96,DEBIT,Shopping
KZ67269719619,2024-07-24,SULPAK ELECTRONICS,2024-07-24,-10370254.03,-86277.12,DEBIT,Shopping
KZ67269719619,2024-07-24,INSURANCE PAYMENT,2024-07-24,-9475925.51,-6250.46,DEBIT,Loan & Finance
KZ67269719619,2024-07-24,LOCAL CAFE,2024-07-24,-9795449.68,-3662.16,DEBIT,Food & Dining
KZ67269719619,2024-07-25,BURGER KING KZ,2024-07-25,-11090881.09,-4781.4,DEBIT,Food & Dining
KZ67269719619,2024-07-26,SULPAK ELECTRONICS,2024-07-26,-9260364.48,-82950.69,DEBIT,Shopping
KZ67269719619,2024-07-26,CHOCOFOOD ORDER,2024-07-26,-10707341.65,-6175.62,DEBIT,Food & Dining
KZ67269719619,2024-07-27,SPOTIFY PREMIUM,2024-07-27,-9758887.08,-1639.0,DEBIT,Entertainment
KZ67269719619,2024-07-27,KASPI SHOP PURCHASE,2024-07-27,-9895362.98,-86277.12,DEBIT,Shopping
KZ67269719619,2024-07-27,NETFLIX SUBSCRIPTION,2024-07-27,-10375743.03,-5489.0,DEBIT,Entertainment
KZ67269719619,2024-07-27,TECHNODOM KZ,2024-07-27,-9571421.05,-86277.12,DEBIT,Shopping
KZ67269719619,2024-07-30,MAGNUM SUPERMARKET,2024-07-30,-13225431.7,-16512.92,DEBIT,Shopping
KZ67269719619,2024-07-30,KAZAKHTELECOM INTERNET,2024-07-30,-12618279.76,-6818.41,DEBIT,Utilities
KZ67269719619,2024-07-30,GLOVO*ORDER,2024-07-30,-13034310.23,-8431.59,DEBIT,Food & Dining
KZ67269719619,2024-07-30,INSURANCE PAYMENT,2024-07-30,-12112162.49,-17415.84,DEBIT,Loan & Finance
KZ67269719619,2024-07-30,STEAM GAMES,2024-07-30,-11728337.11,-4536.43,DEBIT,Entertainment
KZ67269719619,2024-07-31,TELE2 KZ PAYMENT,2024-07-31,-12874551.95,-3478.83,DEBIT,Utilities
KZ67269719619,2024-07-31,KINOPARK TICKET,2024-07-31,-11582494.52,-2652.49,DEBIT,Entertainment
KZ67269719619,2024-08-01,TELE2 KZ PAYMENT,2024-08-01,-12944433.51,-3793.57,DEBIT,Utilities
KZ67269719619,2024-08-01,SKILLBOX KZ,2024-08-01,-11971130.77,-57803.0,DEBIT,Education
KZ67269719619,2024-08-01,COURSERA SUBSCRIPTION,2024-08-01,-13517819.85,-17250.0,DEBIT,Education
KZ67269719619,2024-08-02,SMALL SUPERMARKET,2024-08-02,-11521492.34,-15012.03,DEBIT,Shopping
KZ67269719619,2024-08-02,LOCAL CAFE,2024-08-02,-13317620.48,-3848.78,DEBIT,Food & Dining
KZ67269719619,2024-08-03,INSURANCE PAYMENT,2024-08-03,-11535683.8,-9458.86,DEBIT,Loan & Finance
KZ67269719619,2024-08-03,INSURANCE PAYMENT,2024-08-03,-12764734.77,-16063.61,DEBIT,Loan & Finance
KZ67269719619,2024-08-03,SALARY KASPI BANK,2024-08-03,-11442258.91,334610.99,CREDIT,Income
KZ67269719619,2024-08-03,TECHNODOM KZ,2024-08-03,-13436193.77,-80306.64,DEBIT,Shopping
KZ67269719619,2024-08-04,MAGNUM SUPERMARKET,2024-08-04,-13608702.2,-28561.42,DEBIT,Shopping
KZ67269719619,2024-08-04,UDEMY COURSE,2024-08-04,-12901570.99,-8731.78,DEBIT,Education
KZ67269719619,2024-08-04,SPOTIFY PREMIUM,2024-08-04,-13036023.73,-1713.5,DEBIT,Entertainment
KZ67269719619,2024-08-04,MAGNUM SUPERMARKET,2024-08-04,-12318659.1,-28237.4,DEBIT,Shopping
KZ67269719619,2024-08-04,SMALL SUPERMARKET,2024-08-04,-13233465.06,-8033.36,DEBIT,Shopping
KZ67269719619,2024-08-04,SPOTIFY PREMIUM,2024-08-04,-13618416.21,-1713.5,DEBIT,Entertainment
KZ67269719619,2024-08-04,INDRIVE TRIP,2024-08-04,-11703076.77,-1434.91,DEBIT,Transport
KZ67269719619,2024-08-05,GLOVO*ORDER,2024-08-05,-12335053.85,-4462.23,DEBIT,Food & Dining
KZ67269719619,2024-08-05,BEELINE KZ RECHARGE,2024-08-05,-12526984.64,-3835.28,DEBIT,Utilities
KZ67269719619,2024-08-05,TELE2 KZ PAYMENT,2024-08-05,-12464211.88,-2173.8,DEBIT,Utilities
KZ67269719619,2024-08-05,MCDONALDS ALMATY,2024-08-05,-11585235.86,-2741.33,DEBIT,Food & Dining
KZ67269719619,2024-08-05,HALYK FINANCE LOAN,2024-08-05,-13208918.78,-80306.64,DEBIT,Loan & Finance
KZ67269719619,2024-08-06,INSURANCE PAYMENT,2024-08-06,-11556613.07,-20929.26,DEBIT,Loan & Finance
KZ67269719619,2024-08-06,ВОДОКАНАЛ PAYMENT,2024-08-06,-12531154.72,-4170.07,DEBIT,Utilities
KZ67269719619,2024-08-06,SPOTIFY PREMIUM,2024-08-06,-12940639.93,-1713.5,DEBIT,Entertainment
KZ67269719619,2024-08-06,YOUTUBE PREMIUM,2024-08-06,-12945572.01,-1138.5,DEBIT,Entertainment
KZ67269719619,2024-08-06,HALYK FINANCE LOAN,2024-08-06,-12192469.13,-80306.64,DEBIT,Loan & Finance
KZ67269719619,2024-08-06,SMALL SUPERMARKET,2024-08-06,-12200265.02,-7795.89,DEBIT,Shopping
KZ67269719619,2024-08-07,WILDBERRIES KZ,2024-08-07,-12479313.33,-15101.45,DEBIT,Shopping
KZ67269719619,2024-08-07,MAGNUM SUPERMARKET,2024-08-07,-11708937.28,-5860.51,DEBIT,Shopping
KZ67269719619,2024-08-07,AIR ASTANA TICKET,2024-08-07,-11774611.12,-46274.01,DEBIT,Transport
KZ67269719619,2024-08-08,TECHNODOM KZ,2024-08-08,-13128612.14,-80306.64,DEBIT,Shopping
KZ67269719619,2024-08-08,KASPI KREDIT PAYMENT,2024-08-08,-13025878.64,-80306.64,DEBIT,Loan & Finance
KZ67269719619,2024-08-08,KINOPARK TICKET,2024-08-08,-12067407.24,-4349.52,DEBIT,Entertainment
KZ67269719619,2024-08-08,АЗС HELIOS PETROL,2024-08-08,-11506480.31,-14322.76,DEBIT,Transport
KZ67269719619,2024-08-09,TECHNODOM KZ,2024-08-09,-13313771.69,-80306.64,DEBIT,Shopping
KZ67269719619,2024-08-09,MEDICALCENTER KZ,2024-08-09,-11477562.42,-12859.74,DEBIT,Healthcare
KZ67269719619,2024-08-10,MEDICALCENTER KZ,2024-08-10,-12866505.08,-67084.53,DEBIT,Healthcare
KZ67269719619,2024-08-10,АЗС HELIOS PETROL,2024-08-10,-11570585.87,-13972.8,DEBIT,Transport
KZ67269719619,2024-08-10,CHAPLIN CINEMA,2024-08-10,-13622083.81,-3667.6,DEBIT,Entertainment
KZ67269719619,2024-08-10,GLOVO*ORDER,2024-08-10,-12063057.72,-11620.32,DEBIT,Food & Dining
KZ67269719619,2024-08-10,TECHNODOM KZ,2024-08-10,-12611461.35,-80306.64,DEBIT,Shopping
KZ67269719619,2024-08-10,KASPI KREDIT PAYMENT,2024-08-10,-11913327.77,-76374.57,DEBIT,Loan & Finance
KZ67269719619,2024-08-11,INDRIVE TRIP,2024-08-11,-13609816.45,-1114.25,DEBIT,Transport
KZ67269719619,2024-08-11,LOCAL CAFE,2024-08-11,-12462038.08,-937.41,DEBIT,Food & Dining
KZ67269719619,2024-08-11,ЖКХ КОММУНАЛКА,2024-08-11,-12094746.65,-27339.41,DEBIT,Utilities
KZ67269719619,2024-08-12,METRO CASH AND CARRY,2024-08-12,-11822418.5,-47807.38,DEBIT,Shopping
KZ67269719619,2024-08-12,TELE2 KZ PAYMENT,2024-08-12,-12877047.68,-2495.72,DEBIT,Utilities
KZ67269719619,2024-08-12,FLY ARYSTAN,2024-08-12,-11655966.53,-70730.67,DEBIT,Transport
KZ67269719619,2024-08-14,YANDEX GO RIDE,2024-08-14,-11659095.48,-3128.95,DEBIT,Transport
KZ67269719619,2024-08-14,GLOVO*ORDER,2024-08-14,-12210115.06,-9850.04,DEBIT,Food & Dining
KZ67269719619,2024-08-14,WOLT DELIVERY,2024-08-14,-12771698.16,-6963.4,DEBIT,Food & Dining
KZ67269719619,2024-08-15,AIR ASTANA TICKET,2024-08-15,-13580140.78,-57924.69,DEBIT,Transport
KZ67269719619,2024-08-15,ВОДОКАНАЛ PAYMENT,2024-08-15,-12871073.12,-4568.04,DEBIT,Utilities
KZ67269719619,2024-08-15,METRO CASH AND CARRY,2024-08-15,-12380794.04,-21799.16,DEBIT,Shopping
KZ67269719619,2024-08-15,WOLT DELIVERY,2024-08-15,-12483434.99,-4121.66,DEBIT,Food & Dining
KZ67269719619,2024-08-16,METRO CASH AND CARRY,2024-08-16,-12748671.16,-50084.76,DEBIT,Shopping
KZ67269719619,2024-08-16,BEELINE KZ RECHARGE,2024-08-16,-11524806.0,-3313.66,DEBIT,Utilities
KZ67269719619,2024-08-16,АЗС HELIOS PETROL,2024-08-16,-12938926.43,-14356.35,DEBIT,Transport
KZ67269719619,2024-08-17,KTZ RAILWAY TICKET,2024-08-17,-12799420.55,-27722.39,DEBIT,Transport
KZ67269719619,2024-08-17,UDEMY COURSE,2024-08-17,-12921759.17,-20188.18,DEBIT,Education
KZ67269719619,2024-08-18,HALYK FINANCE LOAN,2024-08-18,-11701641.87,-42546.38,DEBIT,Loan & Finance
KZ67269719619,2024-08-18,BURGER KING KZ,2024-08-18,-13522216.09,-4396.24,DEBIT,Food & Dining
KZ67269719619,2024-08-18,TELE2 KZ PAYMENT,2024-08-18,-11526224.95,-1418.95,DEBIT,Utilities
KZ67269719619,2024-08-19,CHOCOFOOD ORDER,2024-08-19,-13045485.79,-9462.06,DEBIT,Food & Dining
KZ67269719619,2024-08-19,BURGER KING KZ,2024-08-19,-13616702.71,-6886.26,DEBIT,Food & Dining
KZ67269719619,2024-08-19,MEDICALCENTER KZ,2024-08-19,-13500569.85,-64376.08,DEBIT,Healthcare
KZ67269719619,2024-08-20,AIR ASTANA TICKET,2024-08-20,-13355887.14,-38266.66,DEBIT,Transport
KZ67269719619,2024-08-20,INSURANCE PAYMENT,2024-08-20,-12523149.36,-15197.47,DEBIT,Loan & Finance
KZ67269719619,2024-08-20,KTZ RAILWAY TICKET,2024-08-20,-12358994.88,-23941.03,DEBIT,Transport
KZ67269719619,2024-08-20,CHOCOFOOD ORDER,2024-08-20,-11723800.67,-5334.91,DEBIT,Food & Dining
KZ67269719619,2024-08-21,ВОДОКАНАЛ PAYMENT,2024-08-21,-12330591.62,-5341.08,DEBIT,Utilities
KZ67269719619,2024-08-21,CHOCOFOOD ORDER,2024-08-21,-11714883.92,-5946.64,DEBIT,Food & Dining
KZ67269719619,2024-08-22,HALYK FINANCE LOAN,2024-08-22,-12051437.4,-80306.64,DEBIT,Loan & Finance
KZ67269719619,2024-08-22,APTEKA SAINT LUKE,2024-08-22,-11579842.04,-9256.17,DEBIT,Healthcare
KZ67269719619,2024-08-23,CHAPLIN CINEMA,2024-08-23,-11718465.76,-3581.84,DEBIT,Entertainment
KZ67269719619,2024-08-23,MAGNUM SUPERMARKET,2024-08-23,-11836953.2,-14534.7,DEBIT,Shopping
KZ67269719619,2024-08-23,TECHNODOM KZ,2024-08-23,-12290421.7,-80306.64,DEBIT,Shopping
KZ67269719619,2024-08-23,TELE2 KZ PAYMENT,2024-08-23,-12924570.08,-2810.91,DEBIT,Utilities
KZ67269719619,2024-08-24,METRO CASH AND CARRY,2024-08-24,-11492157.55,-14595.13,DEBIT,Shopping
KZ67269719619,2024-08-24,UNIVERSITY TUITION,2024-08-24,-12698586.4,-80306.64,DEBIT,Education
KZ67269719619,2024-08-25,METRO CASH AND CARRY,2024-08-25,-12507951.89,-24516.9,DEBIT,Shopping
KZ67269719619,2024-08-26,SMALL SUPERMARKET,2024-08-26,-12892839.21,-15791.54,DEBIT,Shopping
KZ67269719619,2024-08-26,АЗС HELIOS PETROL,2024-08-26,-11464702.68,-22443.77,DEBIT,Transport
KZ67269719619,2024-08-26,CHAPLIN CINEMA,2024-08-26,-13048305.5,-2819.71,DEBIT,Entertainment
KZ67269719619,2024-08-26,MAGNUM SUPERMARKET,2024-08-26,-12325250.53,-6591.44,DEBIT,Shopping
KZ67269719619,2024-08-26,SULPAK ELECTRONICS,2024-08-26,-12461100.67,-80306.64,DEBIT,Shopping
KZ67269719619,2024-08-28,CHOCOFOOD ORDER,2024-08-28,-15251097.48,-3782.7,DEBIT,Food & Dining
KZ67269719619,2024-08-28,KCELL PAYMENT,2024-08-28,-14316285.2,-2400.56,DEBIT,Utilities
KZ67269719619,2024-08-28,АЗС HELIOS PETROL,2024-08-28,-13850399.14,-13102.37,DEBIT,Transport
KZ67269719619,2024-08-29,SALARY KASPI BANK,2024-08-29,-13255534.84,366548.97,CREDIT,Income
KZ67269719619,2024-08-29,MAGNUM SUPERMARKET,2024-08-29,-14651539.21,-29737.02,DEBIT,Shopping
KZ67269719619,2024-08-29,АЗС SINOOIL FUEL,2024-08-29,-14342358.54,-18038.88,DEBIT,Transport
KZ67269719619,2024-08-29,INDRIVE TRIP,2024-08-29,-14135230.42,-2360.03,DEBIT,Transport
KZ67269719619,2024-08-29,INSURANCE PAYMENT,2024-08-29,-15389985.79,-11024.17,DEBIT,Loan & Finance
KZ67269719619,2024-08-29,KAZAKHTELECOM INTERNET,2024-08-29,-15015102.67,-4743.22,DEBIT,Utilities
KZ67269719619,2024-08-30,FLY ARYSTAN,2024-08-30,-13656120.05,-19461.55,DEBIT,Transport
KZ67269719619,2024-08-30,MAGNUM SUPERMARKET,2024-08-30,-14621802.19,-12958.9,DEBIT,Shopping
KZ67269719619,2024-08-31,INSURANCE PAYMENT,2024-08-31,-14912381.49,-5592.51,DEBIT,Loan & Finance
KZ67269719619,2024-08-31,AIR ASTANA TICKET,2024-08-31,-15294004.45,-37038.34,DEBIT,Transport
KZ67269719619,2024-08-31,COURSERA SUBSCRIPTION,2024-08-31,-15223908.14,-16500.0,DEBIT,Education
KZ67269719619,2024-08-31,KCELL PAYMENT,2024-08-31,-15226419.26,-2511.12,DEBIT,Utilities
KZ67269719619,2024-08-31,ALMATY ENERGO ELECTRIC,2024-08-31,-15378961.62,-10036.9,DEBIT,Utilities
KZ67269719619,2024-09-01,METRO CASH AND CARRY,2024-09-01,-15345637.34,-51632.89,DEBIT,Shopping
KZ67269719619,2024-09-01,FREEDOM FINANCE EMI,2024-09-01,-13554753.16,-70225.26,DEBIT,Loan & Finance
KZ67269719619,2024-09-01,АЗС SINOOIL FUEL,2024-09-01,-13474556.61,-14885.45,DEBIT,Transport
KZ67269719619,2024-09-02,COURSERA SUBSCRIPTION,2024-09-02,-13446681.03,-16500.0,DEBIT,Education
KZ67269719619,2024-09-02,KASPI SHOP PURCHASE,2024-09-02,-14313884.64,-87971.75,DEBIT,Shopping
KZ67269719619,2024-09-02,HALYK FINANCE LOAN,2024-09-02,-13430181.03,-87971.75,DEBIT,Loan & Finance
KZ67269719619,2024-09-02,HALYK FINANCE LOAN,2024-09-02,-15004276.54,-85696.1,DEBIT,Loan & Finance
KZ67269719619,2024-09-02,KFC ALMATY,2024-09-02,-14006333.29,-8553.56,DEBIT,Food & Dining
KZ67269719619,2024-09-03,BURGER KING KZ,2024-09-03,-13456151.98,-3522.78,DEBIT,Food & Dining
KZ67269719619,2024-09-04,GLOVO*ORDER,2024-09-04,-13329287.73,-8160.92,DEBIT,Food & Dining
KZ67269719619,2024-09-04,MAGNUM SUPERMARKET,2024-09-04,-13704856.02,-28464.15,DEBIT,Shopping
KZ67269719619,2024-09-04,KASPI KREDIT PAYMENT,2024-09-04,-14906788.99,-70835.67,DEBIT,Loan & Finance
KZ67269719619,2024-09-05,LOCAL CAFE,2024-09-05,-14318830.66,-2545.46,DEBIT,Food & Dining
KZ67269719619,2024-09-05,HALYK FINANCE LOAN,2024-09-05,-13938370.89,-87971.75,DEBIT,Loan & Finance
KZ67269719619,2024-09-05,SULPAK ELECTRONICS,2024-09-05,-14742792.95,-84701.15,DEBIT,Shopping
KZ67269719619,2024-09-05,KASPI SHOP PURCHASE,2024-09-05,-14090038.13,-82615.83,DEBIT,Shopping
KZ67269719619,2024-09-06,APTEKA 36.6,2024-09-06,-15499007.7,-5679.75,DEBIT,Healthcare
KZ67269719619,2024-09-06,KINOPARK TICKET,2024-09-06,-13459671.16,-3519.17,DEBIT,Entertainment
KZ67269719619,2024-09-06,АЗС SINOOIL FUEL,2024-09-06,-15489408.89,-12336.47,DEBIT,Transport
KZ67269719619,2024-09-06,АЗС SINOOIL FUEL,2024-09-06,-15207408.14,-12245.22,DEBIT,Transport
KZ67269719619,2024-09-06,MAGNUM SUPERMARKET,2024-09-06,-15368924.72,-10648.19,DEBIT,Shopping
KZ67269719619,2024-09-07,MCDONALDS ALMATY,2024-09-07,-14095237.48,-5199.36,DEBIT,Food & Dining
KZ67269719619,2024-09-08,APTEKA 36.6,2024-09-08,-13477724.17,-3167.57,DEBIT,Healthcare
KZ67269719619,2024-09-09,YOUTUBE PREMIUM,2024-09-09,-14835953.32,-1089.0,DEBIT,Entertainment
KZ67269719619,2024-09-09,ВОДОКАНАЛ PAYMENT,2024-09-09,-14658091.79,-6552.59,DEBIT,Utilities
KZ67269719619,2024-09-10,KAZAKHTELECOM INTERNET,2024-09-10,-14608843.28,-6899.29,DEBIT,Utilities
KZ67269719619,2024-09-10,TECHNODOM KZ,2024-09-10,-13980193.2,-40159.9,DEBIT,Shopping
KZ67269719619,2024-09-10,GLOVO*ORDER,2024-09-10,-13452629.2,-5948.18,DEBIT,Food & Dining
KZ67269719619,2024-09-11,LOCAL CAFE,2024-09-11,-14834864.32,-4099.62,DEBIT,Food & Dining
KZ67269719619,2024-09-11,SPOTIFY PREMIUM,2024-09-11,-15391624.79,-1639.0,DEBIT,Entertainment
KZ67269719619,2024-09-11,BURGER KING KZ,2024-09-11,-13707255.09,-2399.07,DEBIT,Food & Dining
KZ67269719619,2024-09-11,INSURANCE PAYMENT,2024-09-11,-15195162.92,-20433.31,DEBIT,Loan & Finance
KZ67269719619,2024-09-12,KASPI SHOP PURCHASE,2024-09-12,-14225912.89,-87971.75,DEBIT,Shopping
KZ67269719619,2024-09-12,FREEDOM FINANCE EMI,2024-09-12,-14408277.7,-52058.14,DEBIT,Loan & Finance
KZ67269719619,2024-09-12,INSURANCE PAYMENT,2024-09-12,-15358276.53,-12639.19,DEBIT,Loan & Finance
KZ67269719619,2024-09-13,MEDICALCENTER KZ,2024-09-13,-15174729.61,-14999.14,DEBIT,Healthcare
KZ67269719619,2024-09-13,SULPAK ELECTRONICS,2024-09-13,-14601943.99,-87971.75,DEBIT,Shopping
KZ67269719619,2024-09-13,INSURANCE PAYMENT,2024-09-13,-15477072.43,-17571.19,DEBIT,Loan & Finance
KZ67269719619,2024-09-14,NETFLIX SUBSCRIPTION,2024-09-14,-14324319.66,-5489.0,DEBIT,Entertainment
KZ67269719619,2024-09-14,KASPI KREDIT PAYMENT,2024-09-14,-14132870.39,-37632.91,DEBIT,Loan & Finance
KZ67269719619,2024-09-14,YOUTUBE PREMIUM,2024-09-14,-14007422.29,-1089.0,DEBIT,Entertainment
KZ67269719619,2024-09-14,YOUTUBE PREMIUM,2024-09-14,-13821810.35,-1089.0,DEBIT,Entertainment
KZ67269719619,2024-09-14,WILDBERRIES KZ,2024-09-14,-15459501.24,-57984.37,DEBIT,Shopping
KZ67269719619,2024-09-14,TELE2 KZ PAYMENT,2024-09-14,-13481095.09,-3370.91,DEBIT,Utilities
KZ67269719619,2024-09-15,BEELINE KZ RECHARGE,2024-09-15,-15393899.21,-2274.42,DEBIT,Utilities
KZ67269719619,2024-09-15,KAZAKHTELECOM INTERNET,2024-09-15,-15401516.87,-7617.65,DEBIT,Utilities
KZ67269719619,2024-09-15,KCELL PAYMENT,2024-09-15,-15493327.95,-3919.05,DEBIT,Utilities
KZ67269719619,2024-09-16,WILDBERRIES KZ,2024-09-16,-13623414.46,-68661.3,DEBIT,Shopping
KZ67269719619,2024-09-16,АЗС SINOOIL FUEL,2024-09-16,-13342209.27,-12921.54,DEBIT,Transport
KZ67269719619,2024-09-16,BEELINE KZ RECHARGE,2024-09-16,-13940033.3,-1662.42,DEBIT,Utilities
KZ67269719619,2024-09-17,KASPI KREDIT PAYMENT,2024-09-17,-13321126.81,-65591.97,DEBIT,Loan & Finance
KZ67269719619,2024-09-17,NETFLIX SUBSCRIPTION,2024-09-17,-13628903.46,-5489.0,DEBIT,Entertainment
KZ67269719619,2024-09-17,CHOCOFOOD ORDER,2024-09-17,-13741203.11,-7781.32,DEBIT,Food & Dining
KZ67269719619,2024-09-17,GLOVO*ORDER,2024-09-17,-14356219.56,-13861.02,DEBIT,Food & Dining
KZ67269719619,2024-09-18,KASPI KREDIT PAYMENT,2024-09-18,-15159730.46,-58949.11,DEBIT,Loan & Finance
KZ67269719619,2024-09-18,LOCAL CAFE,2024-09-18,-15501836.68,-2828.98,DEBIT,Food & Dining
KZ67269719619,2024-09-18,INSURANCE PAYMENT,2024-09-18,-13997779.74,-17586.54,DEBIT,Loan & Finance
KZ67269719619,2024-09-18,INVIVO CLINIC,2024-09-18,-15509463.05,-7626.37,DEBIT,Healthcare
KZ67269719619,2024-09-19,ALMATY ENERGO ELECTRIC,2024-09-19,-15010359.45,-6082.91,DEBIT,Utilities
KZ67269719619,2024-09-20,KFC ALMATY,2024-09-20,-15256966.11,-5868.63,DEBIT,Food & Dining
KZ67269719619,2024-09-20,MAGNUM SUPERMARKET,2024-09-20,-15247314.77,-20895.51,DEBIT,Shopping
KZ67269719619,2024-09-20,HALYK FINANCE LOAN,2024-09-20,-15100781.36,-85678.69,DEBIT,Loan & Finance
KZ67269719619,2024-09-21,HALYK FINANCE LOAN,2024-09-21,-14496249.45,-87971.75,DEBIT,Loan & Finance
KZ67269719619,2024-09-21,ЖКХ КОММУНАЛКА,2024-09-21,-14513972.24,-17722.79,DEBIT,Utilities
KZ67269719619,2024-09-21,SULPAK ELECTRONICS,2024-09-21,-14830764.7,-87971.75,DEBIT,Shopping
KZ67269719619,2024-09-22,TECHNODOM KZ,2024-09-22,-13820721.35,-79518.24,DEBIT,Shopping
KZ67269719619,2024-09-22,ЖКХ КОММУНАЛКА,2024-09-22,-13733421.79,-26166.7,DEBIT,Utilities
KZ67269719619,2024-09-22,CHOCOFOOD ORDER,2024-09-22,-14918580.44,-6198.95,DEBIT,Food & Dining
KZ67269719619,2024-09-22,MAGNUM SUPERMARKET,2024-09-22,-13837296.76,-15486.41,DEBIT,Shopping
KZ67269719619,2024-09-23,FREEDOM FINANCE EMI,2024-09-23,-13676391.86,-20271.81,DEBIT,Loan & Finance
KZ67269719619,2024-09-24,KCELL PAYMENT,2024-09-24,-13484527.89,-3432.81,DEBIT,Utilities
KZ67269719619,2024-09-24,APTEKA SAINT LUKE,2024-09-24,-14137941.13,-2710.71,DEBIT,Healthcare
KZ67269719619,2024-09-25,INVIVO CLINIC,2024-09-25,-13636658.5,-7755.04,DEBIT,Healthcare
KZ67269719619,2024-09-27,APTEKA SAINT LUKE,2024-09-27,-15844426.94,-1226.86,DEBIT,Healthcare
KZ67269719619,2024-09-28,KFC ALMATY,2024-09-28,-15636618.68,-3843.92,DEBIT,Food & Dining
KZ67269719619,2024-09-29,CHOCOFOOD ORDER,2024-09-29,-15941124.52,-5773.88,DEBIT,Food & Dining
KZ67269719619,2024-09-29,INSURANCE PAYMENT,2024-09-29,-16390665.27,-10131.06,DEBIT,Loan & Finance
KZ67269719619,2024-09-29,SULPAK ELECTRONICS,2024-09-29,-16240843.95,-84434.84,DEBIT,Shopping
KZ67269719619,2024-09-29,SALARY KASPI BANK,2024-09-29,-15157651.23,351811.82,CREDIT,Income
KZ67269719619,2024-09-29,NETFLIX SUBSCRIPTION,2024-09-29,-16480090.11,-4990.0,DEBIT,Entertainment
KZ67269719619,2024-09-29,CHOCOFOOD ORDER,2024-09-29,-16151902.14,-5539.29,DEBIT,Food & Dining
KZ67269719619,2024-09-30,KCELL PAYMENT,2024-09-30,-15457286.07,-4498.05,DEBIT,Utilities
KZ67269719619,2024-09-30,GLOVO*ORDER,2024-09-30,-16250087.73,-6401.78,DEBIT,Food & Dining
KZ67269719619,2024-10-01,SPOTIFY PREMIUM,2024-10-01,-16669171.55,-1490.0,DEBIT,Entertainment
KZ67269719619,2024-10-01,TELE2 KZ PAYMENT,2024-10-01,-16714290.98,-2341.2,DEBIT,Utilities
KZ67269719619,2024-10-02,KINOPARK TICKET,2024-10-02,-16156409.11,-4506.97,DEBIT,Entertainment
KZ67269719619,2024-10-02,ВОДОКАНАЛ PAYMENT,2024-10-02,-15857593.32,-4664.84,DEBIT,Utilities
KZ67269719619,2024-10-02,SPOTIFY PREMIUM,2024-10-02,-15946234.25,-1490.0,DEBIT,Entertainment
KZ67269719619,2024-10-02,WOLT DELIVERY,2024-10-02,-15447758.81,-2520.68,DEBIT,Food & Dining
KZ67269719619,2024-10-03,GLOVO*ORDER,2024-10-03,-15275152.63,-13619.28,DEBIT,Food & Dining
KZ67269719619,2024-10-03,LOCAL CAFE,2024-10-03,-16314749.45,-1907.21,DEBIT,Food & Dining
KZ67269719619,2024-10-03,MAGNUM SUPERMARKET,2024-10-03,-15200357.69,-11760.02,DEBIT,Shopping
KZ67269719619,2024-10-04,METRO CASH AND CARRY,2024-10-04,-15251752.3,-49207.08,DEBIT,Shopping
KZ67269719619,2024-10-04,LOCAL CAFE,2024-10-04,-15452788.03,-3536.62,DEBIT,Food & Dining
KZ67269719619,2024-10-05,YANDEX GO RIDE,2024-10-05,-16671242.0,-2070.45,DEBIT,Transport
KZ67269719619,2024-10-06,SMALL SUPERMARKET,2024-10-06,-15773301.94,-12354.23,DEBIT,Shopping
KZ67269719619,2024-10-06,YANDEX GO RIDE,2024-10-06,-15816158.99,-1783.32,DEBIT,Transport
KZ67269719619,2024-10-06,MCDONALDS ALMATY,2024-10-06,-16682687.59,-4097.75,DEBIT,Food & Dining
KZ67269719619,2024-10-06,OLYMPIC PLUS CLINIC,2024-10-06,-15814375.67,-16847.92,DEBIT,Healthcare
KZ67269719619,2024-10-06,UDEMY COURSE,2024-10-06,-15367831.96,-19001.45,DEBIT,Education
KZ67269719619,2024-10-06,INDRIVE TRIP,2024-10-06,-15758603.2,-2827.24,DEBIT,Transport
KZ67269719619,2024-10-07,MCDONALDS ALMATY,2024-10-07,-15821148.07,-4989.08,DEBIT,Food & Dining
KZ67269719619,2024-10-07,TELE2 KZ PAYMENT,2024-10-07,-15793786.75,-2231.69,DEBIT,Utilities
KZ67269719619,2024-10-07,YOUTUBE PREMIUM,2024-10-07,-15791555.06,-990.0,DEBIT,Entertainment
KZ67269719619,2024-10-07,TECHNODOM KZ,2024-10-07,-16146362.84,-84434.84,DEBIT,Shopping
KZ67269719619,2024-10-08,INSURANCE PAYMENT,2024-10-08,-16498811.88,-18721.78,DEBIT,Loan & Finance
KZ67269719619,2024-10-08,APTEKA SAINT LUKE,2024-10-08,-15828484.26,-7336.18,DEBIT,Healthcare
KZ67269719619,2024-10-08,INSURANCE PAYMENT,2024-10-08,-15790565.06,-17263.12,DEBIT,Loan & Finance
KZ67269719619,2024-10-08,KTZ RAILWAY TICKET,2024-10-08,-15261533.34,-9781.04,DEBIT,Transport
KZ67269719619,2024-10-10,BURGER KING KZ,2024-10-10,-15632774.76,-2124.78,DEBIT,Food & Dining
KZ67269719619,2024-10-11,FREEDOM FINANCE EMI,2024-10-11,-15630649.98,-41942.7,DEBIT,Loan & Finance
KZ67269719619,2024-10-12,KAZAKHTELECOM INTERNET,2024-10-12,-15915979.14,-6523.79,DEBIT,Utilities
KZ67269719619,2024-10-12,MAGNUM SUPERMARKET,2024-10-12,-15927214.88,-11235.74,DEBIT,Shopping
KZ67269719619,2024-10-12,TECHNODOM KZ,2024-10-12,-15588707.27,-84434.84,DEBIT,Shopping
KZ67269719619,2024-10-12,MCDONALDS ALMATY,2024-10-12,-16380534.21,-1761.83,DEBIT,Food & Dining
KZ67269719619,2024-10-13,FLY ARYSTAN,2024-10-13,-15348830.5,-70590.52,DEBIT,Transport
KZ67269719619,2024-10-13,APTEKA 36.6,2024-10-13,-15838198.5,-9714.24,DEBIT,Healthcare
KZ67269719619,2024-10-14,AIR ASTANA TICKET,2024-10-14,-16312842.24,-62754.52,DEBIT,Transport
KZ67269719619,2024-10-14,MAGNUM SUPERMARKET,2024-10-14,-15185513.53,-22349.14,DEBIT,Shopping
KZ67269719619,2024-10-14,KAZAKHTELECOM INTERNET,2024-10-14,-16036635.8,-6423.98,DEBIT,Utilities
KZ67269719619,2024-10-15,АЗС HELIOS PETROL,2024-10-15,-16055116.99,-17491.19,DEBIT,Transport
KZ67269719619,2024-10-15,ЖКХ КОММУНАЛКА,2024-10-15,-16711949.78,-29262.19,DEBIT,Utilities
KZ67269719619,2024-10-15,YOUTUBE PREMIUM,2024-10-15,-16037625.8,-990.0,DEBIT,Entertainment
KZ67269719619,2024-10-15,HALYK FINANCE LOAN,2024-10-15,-16030211.81,-56454.93,DEBIT,Loan & Finance
KZ67269719619,2024-10-16,APTEKA SAINT LUKE,2024-10-16,-16358015.56,-787.74,DEBIT,Healthcare
KZ67269719619,2024-10-16,SMALL SUPERMARKET,2024-10-16,-15163164.38,-5513.15,DEBIT,Shopping
KZ67269719619,2024-10-17,GLOVO*ORDER,2024-10-17,-16061928.01,-6811.02,DEBIT,Food & Dining
KZ67269719619,2024-10-18,KTZ RAILWAY TICKET,2024-10-18,-16378772.39,-20756.83,DEBIT,Transport
KZ67269719619,2024-10-18,KASPI KREDIT PAYMENT,2024-10-18,-15973756.89,-27522.63,DEBIT,Loan & Finance
KZ67269719619,2024-10-19,ЖКХ КОММУНАЛКА,2024-10-19,-15406869.08,-39037.12,DEBIT,Utilities
KZ67269719619,2024-10-19,TECHNODOM KZ,2024-10-19,-16667681.55,-84434.84,DEBIT,Shopping
KZ67269719619,2024-10-19,METRO CASH AND CARRY,2024-10-19,-15671341.12,-34722.45,DEBIT,Shopping
KZ67269719619,2024-10-20,APTEKA SAINT LUKE,2024-10-20,-15843200.08,-5001.58,DEBIT,Healthcare
KZ67269719619,2024-10-20,BEELINE KZ RECHARGE,2024-10-20,-15278239.98,-3087.36,DEBIT,Utilities
KZ67269719619,2024-10-20,MAGNUM SUPERMARKET,2024-10-20,-15935350.64,-8135.76,DEBIT,Shopping
KZ67269719619,2024-10-21,KASPI SHOP PURCHASE,2024-10-21,-15909455.34,-51862.02,DEBIT,Shopping
KZ67269719619,2024-10-21,KINOPARK TICKET,2024-10-21,-15797527.75,-3741.0,DEBIT,Entertainment
KZ67269719619,2024-10-21,KCELL PAYMENT,2024-10-21,-15188597.68,-3084.15,DEBIT,Utilities
KZ67269719619,2024-10-21,KASPI KREDIT PAYMENT,2024-10-21,-16357227.82,-42478.37,DEBIT,Loan & Finance
KZ67269719619,2024-10-21,KASPI SHOP PURCHASE,2024-10-21,-15755775.96,-84434.84,DEBIT,Shopping
KZ67269719619,2024-10-22,AIR ASTANA TICKET,2024-10-22,-16475100.11,-84434.84,DEBIT,Transport
KZ67269719619,2024-10-22,TELE2 KZ PAYMENT,2024-10-22,-15449251.41,-1492.6,DEBIT,Utilities
KZ67269719619,2024-10-22,TELE2 KZ PAYMENT,2024-10-22,-15202545.22,-2187.52,DEBIT,Utilities
KZ67269719619,2024-10-22,BEELINE KZ RECHARGE,2024-10-22,-15760947.71,-2344.51,DEBIT,Utilities
KZ67269719619,2024-10-22,KTZ RAILWAY TICKET,2024-10-22,-15445238.13,-12981.69,DEBIT,Transport
KZ67269719619,2024-10-22,GLOVO*ORDER,2024-10-22,-15417256.44,-10387.36,DEBIT,Food & Dining
KZ67269719619,2024-10-23,TECHNODOM KZ,2024-10-23,-16583246.72,-84434.84,DEBIT,Shopping
KZ67269719619,2024-10-23,KAZAKHTELECOM INTERNET,2024-10-23,-16678589.83,-7347.83,DEBIT,Utilities
KZ67269719619,2024-10-24,METRO CASH AND CARRY,2024-10-24,-15504272.44,-46986.36,DEBIT,Shopping
KZ67269719619,2024-10-25,UNUSUAL LARGE TRANSACTION,2024-10-25,-17062010.2,-342729.22,DEBIT,Other
KZ67269719619,2024-10-25,NETFLIX SUBSCRIPTION,2024-10-25,-16719280.98,-4990.0,DEBIT,Entertainment
KZ67269719619,2024-10-25,LOCAL CAFE,2024-10-25,-16243685.94,-2842.0,DEBIT,Food & Dining
KZ67269719619,2024-10-25,LOCAL CAFE,2024-10-25,-15944744.25,-3619.73,DEBIT,Food & Dining
KZ67269719619,2024-10-25,COURSERA SUBSCRIPTION,2024-10-25,-15432256.44,-15000.0,DEBIT,Education
KZ67269719619,2024-10-25,WOLT DELIVERY,2024-10-25,-15852928.49,-8501.55,DEBIT,Food & Dining
KZ67269719619,2024-10-27,INDRIVE TRIP,2024-10-27,-17192709.13,-2145.83,DEBIT,Transport
KZ67269719619,2024-10-28,GLOVO*ORDER,2024-10-28,-18091612.3,-9120.86,DEBIT,Food & Dining
KZ67269719619,2024-10-28,SKILLBOX KZ,2024-10-28,-18082491.43,-44329.5,DEBIT,Education
KZ67269719619,2024-10-28,CHAPLIN CINEMA,2024-10-28,-17951934.55,-3531.8,DEBIT,Entertainment
KZ67269719619,2024-10-28,COURSERA SUBSCRIPTION,2024-10-28,-17774111.48,-15000.0,DEBIT,Education
KZ67269719619,2024-10-28,BURGER KING KZ,2024-10-28,-17372187.41,-5295.64,DEBIT,Food & Dining
KZ67269719619,2024-10-28,KINOPARK TICKET,2024-10-28,-18159625.43,-2820.23,DEBIT,Entertainment
KZ67269719619,2024-10-30,YOUTUBE PREMIUM,2024-10-30,-17366891.77,-990.0,DEBIT,Entertainment
KZ67269719619,2024-10-30,FREEDOM FINANCE EMI,2024-10-30,-17300545.72,-42969.84,DEBIT,Loan & Finance
KZ67269719619,2024-10-30,CHOCOFOOD ORDER,2024-10-30,-17966039.25,-8330.57,DEBIT,Food & Dining
KZ67269719619,2024-10-30,АЗС SINOOIL FUEL,2024-10-30,-17190563.3,-14965.32,DEBIT,Transport
KZ67269719619,2024-10-30,GLOVO*ORDER,2024-10-30,-17689443.44,-10763.74,DEBIT,Food & Dining
KZ67269719619,2024-10-31,INDRIVE TRIP,2024-10-31,-17778022.3,-1126.87,DEBIT,Transport
KZ67269719619,2024-10-31,WILDBERRIES KZ,2024-10-31,-17175597.98,-16803.09,DEBIT,Shopping
KZ67269719619,2024-10-31,MAGNUM SUPERMARKET,2024-10-31,-16920943.89,-5262.89,DEBIT,Shopping
KZ67269719619,2024-10-31,SALARY KASPI BANK,2024-10-31,-16695327.6,366682.6,CREDIT,Income
KZ67269719619,2024-10-31,KASPI SHOP PURCHASE,2024-10-31,-16915681.0,-56992.86,DEBIT,Shopping
KZ67269719619,2024-11-01,KFC ALMATY,2024-11-01,-17957708.68,-5774.13,DEBIT,Food & Dining
KZ67269719619,2024-11-01,ALMATY ENERGO ELECTRIC,2024-11-01,-18145915.55,-6787.69,DEBIT,Utilities
KZ67269719619,2024-11-01,MCDONALDS ALMATY,2024-11-01,-17678679.7,-3840.96,DEBIT,Food & Dining
KZ67269719619,2024-11-02,FREEDOM FINANCE EMI,2024-11-02,-18228813.84,-69188.41,DEBIT,Loan & Finance
KZ67269719619,2024-11-04,SPOTIFY PREMIUM,2024-11-04,-17630452.11,-1490.0,DEBIT,Entertainment
KZ67269719619,2024-11-04,INSURANCE PAYMENT,2024-11-04,-17948402.76,-15183.23,DEBIT,Loan & Finance
KZ67269719619,2024-11-04,STEAM GAMES,2024-11-04,-17239297.54,-20859.85,DEBIT,Entertainment
KZ67269719619,2024-11-04,KASPI KREDIT PAYMENT,2024-11-04,-18038161.94,-49335.9,DEBIT,Loan & Finance
KZ67269719619,2024-11-04,INSURANCE PAYMENT,2024-11-04,-17257575.89,-18278.35,DEBIT,Loan & Finance
KZ67269719619,2024-11-05,MAGNUM SUPERMARKET,2024-11-05,-17316527.57,-15981.84,DEBIT,Shopping
KZ67269719619,2024-11-05,FLY ARYSTAN,2024-11-05,-17925479.26,-30027.22,DEBIT,Transport
KZ67269719619,2024-11-06,BURGER KING KZ,2024-11-06,-16733237.81,-3716.47,DEBIT,Food & Dining
KZ67269719619,2024-11-06,SMALL SUPERMARKET,2024-11-06,-18106034.1,-11531.47,DEBIT,Shopping
KZ67269719619,2024-11-07,WOLT DELIVERY,2024-11-07,-17776895.44,-2783.95,DEBIT,Food & Dining
KZ67269719619,2024-11-07,KAZAKHTELECOM INTERNET,2024-11-07,-17322368.74,-5841.17,DEBIT,Utilities
KZ67269719619,2024-11-07,TECHNODOM KZ,2024-11-07,-17628962.11,-15539.23,DEBIT,Shopping
KZ67269719619,2024-11-08,NETFLIX SUBSCRIPTION,2024-11-08,-16992641.55,-4990.0,DEBIT,Entertainment
KZ67269719619,2024-11-08,STEAM GAMES,2024-11-08,-18134002.66,-27968.56,DEBIT,Entertainment
KZ67269719619,2024-11-08,TELE2 KZ PAYMENT,2024-11-08,-17613422.88,-1244.29,DEBIT,Utilities
KZ67269719619,2024-11-08,SMALL SUPERMARKET,2024-11-08,-17612178.59,-14605.46,DEBIT,Shopping
KZ67269719619,2024-11-10,BURGER KING KZ,2024-11-10,-17158794.89,-5035.63,DEBIT,Food & Dining
KZ67269719619,2024-11-10,MAGNUM SUPERMARKET,2024-11-10,-17153759.25,-22652.95,DEBIT,Shopping
KZ67269719619,2024-11-10,KAZAKHTELECOM INTERNET,2024-11-10,-17783437.36,-5415.06,DEBIT,Utilities
KZ67269719619,2024-11-11,GLOVO*ORDER,2024-11-11,-18156805.2,-10889.65,DEBIT,Food & Dining
KZ67269719619,2024-11-12,KFC ALMATY,2024-11-12,-17197866.36,-5157.23,DEBIT,Food & Dining
KZ67269719619,2024-11-12,АЗС SINOOIL FUEL,2024-11-12,-17040665.65,-17460.78,DEBIT,Transport
KZ67269719619,2024-11-12,ВОДОКАНАЛ PAYMENT,2024-11-12,-18139127.86,-5125.2,DEBIT,Utilities
KZ67269719619,2024-11-12,KASPI SHOP PURCHASE,2024-11-12,-17751372.22,-46469.14,DEBIT,Shopping
KZ67269719619,2024-11-13,AIR ASTANA TICKET,2024-11-13,-17867103.79,-83666.43,DEBIT,Transport
KZ67269719619,2024-11-13,GLOVO*ORDER,2024-11-13,-17014879.81,-13338.99,DEBIT,Food & Dining
KZ67269719619,2024-11-13,INSURANCE PAYMENT,2024-11-13,-16998237.1,-5595.55,DEBIT,Loan & Finance
KZ67269719619,2024-11-13,FREEDOM FINANCE EMI,2024-11-13,-16987651.55,-66707.66,DEBIT,Loan & Finance
KZ67269719619,2024-11-13,METRO CASH AND CARRY,2024-11-13,-17417282.36,-28186.72,DEBIT,Shopping
KZ67269719619,2024-11-14,KFC ALMATY,2024-11-14,-17001540.82,-3303.71,DEBIT,Food & Dining
KZ67269719619,2024-11-14,GLOVO*ORDER,2024-11-14,-17131106.3,-13643.82,DEBIT,Food & Dining
KZ67269719619,2024-11-14,АЗС SINOOIL FUEL,2024-11-14,-17704903.07,-15459.64,DEBIT,Transport
KZ67269719619,2024-11-14,TECHNODOM KZ,2024-11-14,-17593290.01,-88003.82,DEBIT,Shopping
KZ67269719619,2024-11-15,SPOTIFY PREMIUM,2024-11-15,-17759111.48,-1490.0,DEBIT,Entertainment
KZ67269719619,2024-11-15,INSURANCE PAYMENT,2024-11-15,-17206271.74,-8405.38,DEBIT,Loan & Finance
KZ67269719619,2024-11-15,TECHNODOM KZ,2024-11-15,-17505286.19,-88003.82,DEBIT,Shopping
KZ67269719619,2024-11-16,MAGNUM SUPERMARKET,2024-11-16,-17218437.69,-12165.95,DEBIT,Shopping
KZ67269719619,2024-11-16,KTZ RAILWAY TICKET,2024-11-16,-17933219.52,-7740.27,DEBIT,Transport
KZ67269719619,2024-11-16,SULPAK ELECTRONICS,2024-11-16,-16858688.14,-87740.71,DEBIT,Shopping
KZ67269719619,2024-11-17,KCELL PAYMENT,2024-11-17,-17074374.0,-2966.32,DEBIT,Utilities
KZ67269719619,2024-11-17,WOLT DELIVERY,2024-11-17,-17757621.48,-6249.27,DEBIT,Food & Dining
KZ67269719619,2024-11-19,TECHNODOM KZ,2024-11-19,-16770947.44,-31078.74,DEBIT,Shopping
KZ67269719619,2024-11-19,KFC ALMATY,2024-11-19,-17018538.91,-3659.1,DEBIT,Food & Dining
KZ67269719619,2024-11-19,ЖКХ КОММУНАЛКА,2024-11-19,-17365901.77,-38976.53,DEBIT,Utilities
KZ67269719619,2024-11-20,METRO CASH AND CARRY,2024-11-20,-17071407.68,-30742.03,DEBIT,Shopping
KZ67269719619,2024-11-20,KINOPARK TICKET,2024-11-20,-17597573.13,-4283.12,DEBIT,Entertainment
KZ67269719619,2024-11-20,HALYK FINANCE LOAN,2024-11-20,-16729521.34,-34193.74,DEBIT,Loan & Finance
KZ67269719619,2024-11-20,KINOPARK TICKET,2024-11-20,-16737363.54,-4125.73,DEBIT,Entertainment
KZ67269719619,2024-11-20,BURGER KING KZ,2024-11-20,-17326925.23,-4556.49,DEBIT,Food & Dining
KZ67269719619,2024-11-20,STEAM GAMES,2024-11-20,-17674838.74,-21415.23,DEBIT,Entertainment
KZ67269719619,2024-11-21,MCDONALDS ALMATY,2024-11-21,-17023204.87,-4665.97,DEBIT,Food & Dining
KZ67269719619,2024-11-21,KASPI SHOP PURCHASE,2024-11-21,-17117462.49,-43088.49,DEBIT,Shopping
KZ67269719619,2024-11-22,BEELINE KZ RECHARGE,2024-11-22,-16739868.7,-2505.15,DEBIT,Utilities
KZ67269719619,2024-11-22,BEELINE KZ RECHARGE,2024-11-22,-18231346.29,-2532.45,DEBIT,Utilities
KZ67269719619,2024-11-23,MAGNUM SUPERMARKET,2024-11-23,-17988826.04,-22786.79,DEBIT,Shopping
KZ67269719619,2024-11-23,MEDICALCENTER KZ,2024-11-23,-17893129.59,-26025.8,DEBIT,Healthcare
KZ67269719619,2024-11-23,APTEKA 36.6,2024-11-23,-18094502.62,-2890.33,DEBIT,Healthcare
KZ67269719619,2024-11-24,INSURANCE PAYMENT,2024-11-24,-17389095.64,-16908.24,DEBIT,Loan & Finance
KZ67269719619,2024-11-24,TELE2 KZ PAYMENT,2024-11-24,-17895452.04,-2322.45,DEBIT,Utilities
KZ67269719619,2024-11-24,FLY ARYSTAN,2024-11-24,-17653423.51,-22971.39,DEBIT,Transport
KZ67269719619,2024-11-26,NETFLIX SUBSCRIPTION,2024-11-26,-19772305.62,-5489.0,DEBIT,Entertainment
KZ67269719619,2024-11-26,TECHNODOM KZ,2024-11-26,-18986332.01,-79911.37,DEBIT,Shopping
KZ67269719619,2024-11-27,NETFLIX SUBSCRIPTION,2024-11-27,-18297159.32,-5489.0,DEBIT,Entertainment
KZ67269719619,2024-11-27,FLY ARYSTAN,2024-11-27,-19660119.2,-29933.35,DEBIT,Transport
KZ67269719619,2024-11-28,ALMATY ENERGO ELECTRIC,2024-11-28,-19237524.7,-10093.99,DEBIT,Utilities
KZ67269719619,2024-11-29,INSURANCE PAYMENT,2024-11-29,-19246261.2,-8736.5,DEBIT,Loan & Finance
KZ67269719619,2024-11-30,KTZ RAILWAY TICKET,2024-11-30,-19347778.7,-15705.84,DEBIT,Transport
KZ67269719619,2024-11-30,FLY ARYSTAN,2024-11-30,-20297910.89,-68950.38,DEBIT,Transport
KZ67269719619,2024-11-30,BURGER KING KZ,2024-11-30,-19867541.76,-3375.55,DEBIT,Food & Dining
KZ67269719619,2024-11-30,APTEKA SAINT LUKE,2024-11-30,-19876636.81,-9095.05,DEBIT,Healthcare
KZ67269719619,2024-11-30,SALARY KASPI BANK,2024-11-30,-17898382.26,332964.03,CREDIT,Income
KZ67269719619,2024-12-01,KINOPARK TICKET,2024-12-01,-18306112.65,-2396.34,DEBIT,Entertainment
KZ67269719619,2024-12-01,YANDEX GO RIDE,2024-12-01,-19775560.33,-3254.71,DEBIT,Transport
KZ67269719619,2024-12-02,KASPI KREDIT PAYMENT,2024-12-02,-19418537.82,-70759.13,DEBIT,Loan & Finance
KZ67269719619,2024-12-02,MAGNUM SUPERMARKET,2024-12-02,-19907910.12,-31273.31,DEBIT,Shopping
KZ67269719619,2024-12-02,HALYK FINANCE LOAN,2024-12-02,-20070703.37,-79911.37,DEBIT,Loan & Finance
KZ67269719619,2024-12-02,NETFLIX SUBSCRIPTION,2024-12-02,-18991821.01,-5489.0,DEBIT,Entertainment
KZ67269719619,2024-12-02,KASPI KREDIT PAYMENT,2024-12-02,-18661803.75,-26452.16,DEBIT,Loan & Finance
KZ67269719619,2024-12-02,WILDBERRIES KZ,2024-12-02,-18834809.23,-58514.36,DEBIT,Shopping
KZ67269719619,2024-12-03,UNIVERSITY TUITION,2024-12-03,-19855471.7,-79911.37,DEBIT,Education
KZ67269719619,2024-12-03,TECHNODOM KZ,2024-12-03,-18592217.13,-79911.37,DEBIT,Shopping
KZ67269719619,2024-12-03,KASPI KREDIT PAYMENT,2024-12-03,-18091737.51,-37618.4,DEBIT,Loan & Finance
KZ67269719619,2024-12-03,SKILLBOX KZ,2024-12-03,-18044406.16,-55937.44,DEBIT,Education
KZ67269719619,2024-12-04,AIR ASTANA TICKET,2024-12-04,-19617820.58,-79911.37,DEBIT,Transport
KZ67269719619,2024-12-05,MCDONALDS ALMATY,2024-12-05,-18481275.19,-3814.18,DEBIT,Food & Dining
KZ67269719619,2024-12-05,FREEDOM FINANCE EMI,2024-12-05,-17957680.42,-36351.67,DEBIT,Loan & Finance
KZ67269719619,2024-12-05,WOLT DELIVERY,2024-12-05,-19686905.25,-4485.44,DEBIT,Food & Dining
KZ67269719619,2024-12-05,OLYMPIC PLUS CLINIC,2024-12-05,-18291670.32,-54373.72,DEBIT,Healthcare
KZ67269719619,2024-12-05,YANDEX GO RIDE,2024-12-05,-18416090.63,-3113.98,DEBIT,Transport
KZ67269719619,2024-12-06,MEDICALCENTER KZ,2024-12-06,-19990792.0,-79911.37,DEBIT,Healthcare
KZ67269719619,2024-12-06,KINOPARK TICKET,2024-12-06,-20073228.03,-2524.66,DEBIT,Entertainment
KZ67269719619,2024-12-06,LOCAL CAFE,2024-12-06,-18635351.59,-2553.86,DEBIT,Food & Dining
KZ67269719619,2024-12-07,ЖКХ КОММУНАЛКА,2024-12-07,-19526177.16,-27727.97,DEBIT,Utilities
KZ67269719619,2024-12-07,KFC ALMATY,2024-12-07,-20149049.14,-2874.37,DEBIT,Food & Dining
KZ67269719619,2024-12-08,WILDBERRIES KZ,2024-12-08,-18601915.03,-9697.91,DEBIT,Shopping
KZ67269719619,2024-12-08,SULPAK ELECTRONICS,2024-12-08,-18718669.78,-56866.02,DEBIT,Shopping
KZ67269719619,2024-12-08,TECHNODOM KZ,2024-12-08,-20228960.51,-79911.37,DEBIT,Shopping
KZ67269719619,2024-12-09,YANDEX GO RIDE,2024-12-09,-19533263.58,-1597.42,DEBIT,Transport
KZ67269719619,2024-12-09,FREEDOM FINANCE EMI,2024-12-09,-19035603.01,-43782.0,DEBIT,Loan & Finance
KZ67269719619,2024-12-09,CHOCOFOOD ORDER,2024-12-09,-19059148.12,-10685.69,DEBIT,Food & Dining
KZ67269719619,2024-12-10,KCELL PAYMENT,2024-12-10,-18103779.17,-5226.29,DEBIT,Utilities
KZ67269719619,2024-12-10,TECHNODOM KZ,2024-12-10,-18412976.66,-79911.37,DEBIT,Shopping
KZ67269719619,2024-12-10,KFC ALMATY,2024-12-10,-19227430.72,-8459.86,DEBIT,Food & Dining
KZ67269719619,2024-12-11,INSURANCE PAYMENT,2024-12-11,-20146174.78,-6085.14,DEBIT,Loan & Finance
KZ67269719619,2024-12-12,METRO CASH AND CARRY,2024-12-12,-19316192.93,-49828.04,DEBIT,Shopping
KZ67269719619,2024-12-12,MCDONALDS ALMATY,2024-12-12,-19910880.63,-2970.51,DEBIT,Food & Dining
KZ67269719619,2024-12-12,GLOVO*ORDER,2024-12-12,-19864166.21,-8694.51,DEBIT,Food & Dining
KZ67269719619,2024-12-12,YANDEX GO RIDE,2024-12-12,-19039285.93,-3682.92,DEBIT,Transport
KZ67269719619,2024-12-14,АЗС SINOOIL FUEL,2024-12-14,-17921328.75,-18641.68,DEBIT,Transport
KZ67269719619,2024-12-14,KAZAKHTELECOM INTERNET,2024-12-14,-18098552.88,-6815.37,DEBIT,Utilities
KZ67269719619,2024-12-15,BURGER KING KZ,2024-12-15,-18303716.31,-6557.0,DEBIT,Food & Dining
KZ67269719619,2024-12-15,MCDONALDS ALMATY,2024-12-15,-18512305.76,-4111.2,DEBIT,Food & Dining
KZ67269719619,2024-12-16,CHOCOFOOD ORDER,2024-12-16,-20140089.63,-6761.28,DEBIT,Food & Dining
KZ67269719619,2024-12-16,KTZ RAILWAY TICKET,2024-12-16,-19682419.82,-22300.62,DEBIT,Transport
KZ67269719619,2024-12-17,KCELL PAYMENT,2024-12-17,-19250948.68,-4687.47,DEBIT,Utilities
KZ67269719619,2024-12-17,HALYK FINANCE LOAN,2024-12-17,-20133328.36,-57830.12,DEBIT,Loan & Finance
KZ67269719619,2024-12-17,TECHNODOM KZ,2024-12-17,-19766816.62,-79911.37,DEBIT,Shopping
KZ67269719619,2024-12-17,MAGNUM SUPERMARKET,2024-12-17,-18630541.36,-28626.32,DEBIT,Shopping
KZ67269719619,2024-12-18,WOLT DELIVERY,2024-12-18,-19629096.85,-11276.27,DEBIT,Food & Dining
KZ67269719619,2024-12-18,АЗС SINOOIL FUEL,2024-12-18,-18333065.29,-17482.06,DEBIT,Transport
KZ67269719619,2024-12-18,INDRIVE TRIP,2024-12-18,-18469729.08,-2080.42,DEBIT,Transport
KZ67269719619,2024-12-18,AIR ASTANA TICKET,2024-12-18,-20377822.26,-79911.37,DEBIT,Transport
KZ67269719619,2024-12-18,YANDEX GO RIDE,2024-12-18,-18632797.73,-2256.38,DEBIT,Transport
KZ67269719619,2024-12-18,TELE2 KZ PAYMENT,2024-12-18,-20075498.23,-2270.21,DEBIT,Utilities
KZ67269719619,2024-12-19,WILDBERRIES KZ,2024-12-19,-17988468.72,-30788.3,DEBIT,Shopping
KZ67269719619,2024-12-19,SMALL SUPERMARKET,2024-12-19,-18486199.6,-4924.41,DEBIT,Shopping
KZ67269719619,2024-12-19,KASPI KREDIT PAYMENT,2024-12-19,-18776294.87,-57625.09,DEBIT,Loan & Finance
KZ67269719619,2024-12-19,INSURANCE PAYMENT,2024-12-19,-19332072.85,-15879.92,DEBIT,Loan & Finance
KZ67269719619,2024-12-19,INVIVO CLINIC,2024-12-19,-18315583.22,-9470.57,DEBIT,Healthcare
KZ67269719619,2024-12-19,FLY ARYSTAN,2024-12-19,-18906420.64,-71611.41,DEBIT,Transport
KZ67269719619,2024-12-20,NETFLIX SUBSCRIPTION,2024-12-20,-19531666.16,-5489.0,DEBIT,Entertainment
KZ67269719619,2024-12-20,ALMATY ENERGO ELECTRIC,2024-12-20,-19048462.43,-9176.51,DEBIT,Utilities
KZ67269719619,2024-12-20,CHAPLIN CINEMA,2024-12-20,-19537909.21,-4645.63,DEBIT,Entertainment
KZ67269719619,2024-12-21,TECHNODOM KZ,2024-12-21,-18183690.54,-79911.37,DEBIT,Shopping
KZ67269719619,2024-12-21,INSURANCE PAYMENT,2024-12-21,-18054119.11,-9712.95,DEBIT,Loan & Finance
KZ67269719619,2024-12-21,UNIVERSITY TUITION,2024-12-21,-19218970.86,-79911.37,DEBIT,Education
KZ67269719619,2024-12-21,WILDBERRIES KZ,2024-12-21,-19139059.49,-79911.37,DEBIT,Shopping
KZ67269719619,2024-12-21,KINOPARK TICKET,2024-12-21,-20381824.91,-4002.65,DEBIT,Entertainment
KZ67269719619,2024-12-22,ALMATY ENERGO ELECTRIC,2024-12-22,-18477461.01,-7731.93,DEBIT,Utilities
KZ67269719619,2024-12-22,SPOTIFY PREMIUM,2024-12-22,-19252587.68,-1639.0,DEBIT,Entertainment
KZ67269719619,2024-12-23,YOUTUBE PREMIUM,2024-12-23,-19630185.85,-1089.0,DEBIT,Entertainment
KZ67269719619,2024-12-23,TECHNODOM KZ,2024-12-23,-19498449.19,-79911.37,DEBIT,Shopping
KZ67269719619,2024-12-23,LOCAL CAFE,2024-12-23,-19257104.59,-2249.36,DEBIT,Food & Dining
KZ67269719619,2024-12-23,KCELL PAYMENT,2024-12-23,-17902687.07,-4304.81,DEBIT,Utilities
KZ67269719619,2024-12-23,HALYK FINANCE LOAN,2024-12-23,-18237296.6,-53606.05,DEBIT,Loan & Finance
KZ67269719619,2024-12-24,SMALL SUPERMARKET,2024-12-24,-19266364.89,-9260.3,DEBIT,Shopping
KZ67269719619,2024-12-24,LOCAL CAFE,2024-12-24,-19254855.24,-2267.56,DEBIT,Food & Dining
KZ67269719619,2024-12-24,WILDBERRIES KZ,2024-12-24,-18467648.65,-51558.02,DEBIT,Shopping
KZ67269719619,2024-12-24,STEAM GAMES,2024-12-24,-18508194.55,-21994.96,DEBIT,Entertainment
KZ84317981414,2024-01-01,WILDBERRIES KZ,2024-01-01,265387.43,-59334.38,DEBIT,Shopping
KZ84317981414,2024-01-01,APTEKA SAINT LUKE,2024-01-01,-349354.11,-2450.66,DEBIT,Healthcare
KZ84317981414,2024-01-02,COURSERA SUBSCRIPTION,2024-01-02,229265.1,-12750.0,DEBIT,Education
KZ84317981414,2024-01-02,MEDICALCENTER KZ,2024-01-02,-36710.21,-57907.87,DEBIT,Healthcare
KZ84317981414,2024-01-02,MAGNUM SUPERMARKET,2024-01-02,1037294.76,-11477.44,DEBIT,Shopping
KZ84317981414,2024-01-02,ВОДОКАНАЛ PAYMENT,2024-01-02,-49254.21,-3152.8,DEBIT,Utilities
KZ84317981414,2024-01-02,MCDONALDS ALMATY,2024-01-02,1413153.52,-2885.1,DEBIT,Food & Dining
KZ84317981414,2024-01-02,MCDONALDS ALMATY,2024-01-02,1035735.4,-1559.35,DEBIT,Food & Dining
KZ84317981414,2024-01-02,SULPAK ELECTRONICS,2024-01-02,482320.96,-55445.86,DEBIT,Shopping
KZ84317981414,2024-01-03,CHOCOFOOD ORDER,2024-01-03,1796472.76,-7235.77,DEBIT,Food & Dining
KZ84317981414,2024-01-03,ВОДОКАНАЛ PAYMENT,2024-01-03,879287.06,-2162.87,DEBIT,Utilities
KZ84317981414,2024-01-03,KAZAKHTELECOM INTERNET,2024-01-03,1198036.14,-4868.74,DEBIT,Utilities
KZ84317981414,2024-01-04,INVIVO CLINIC,2024-01-04,792025.25,-7873.41,DEBIT,Healthcare
KZ84317981414,2024-01-04,OLYMPIC PLUS CLINIC,2024-01-04,1804389.74,-13760.72,DEBIT,Healthcare
KZ84317981414,2024-01-04,KASPI SHOP PURCHASE,2024-01-04,1202904.88,-55257.5,DEBIT,Shopping
KZ84317981414,2024-01-04,YANDEX GO RIDE,2024-01-04,21197.66,-2476.34,DEBIT,Transport
KZ84317981414,2024-01-05,TECHNODOM KZ,2024-01-05,1258162.38,-44355.36,DEBIT,Shopping
KZ84317981414,2024-01-05,KFC ALMATY,2024-01-05,242015.1,-6316.75,DEBIT,Food & Dining
KZ84317981414,2024-01-05,KASPI SHOP PURCHASE,2024-01-05,169027.72,-15820.61,DEBIT,Shopping
KZ84317981414,2024-01-05,АЗС SINOOIL FUEL,2024-01-05,1744915.12,-6030.88,DEBIT,Transport
KZ84317981414,2024-01-05,METRO CASH AND CARRY,2024-01-05,-375725.43,-20159.34,DEBIT,Shopping
KZ84317981414,2024-01-05,YANDEX GO RIDE,2024-01-05,324721.81,-2988.72,DEBIT,Transport
KZ84317981414,2024-01-06,INSURANCE PAYMENT,2024-01-06,327710.52,-14485.4,DEBIT,Loan & Finance
KZ84317981414,2024-01-06,APTEKA SAINT LUKE,2024-01-06,251774.09,-2018.23,DEBIT,Healthcare
KZ84317981414,2024-01-06,SALARY HALYK BANK,2024-01-06,1818150.46,618150.46,CREDIT,Income
KZ84317981414,2024-01-06,KFC ALMATY,2024-01-06,881449.93,-3229.14,DEBIT,Food & Dining
KZ84317981414,2024-01-06,SKILLBOX KZ,2024-01-06,1416038.62,-29513.02,DEBIT,Education
KZ84317981414,2024-01-06,METRO CASH AND CARRY,2024-01-06,-313669.09,-35373.66,DEBIT,Shopping
KZ84317981414,2024-01-06,KFC ALMATY,2024-01-06,1380819.83,-3658.26,DEBIT,Food & Dining
KZ84317981414,2024-01-07,COURSERA SUBSCRIPTION,2024-01-07,704365.93,-12750.0,DEBIT,Education
KZ84317981414,2024-01-07,TECHNODOM KZ,2024-01-07,799898.66,-79388.4,DEBIT,Shopping
KZ84317981414,2024-01-07,HALYK FINANCE LOAN,2024-01-07,-152324.76,-103070.56,DEBIT,Loan & Finance
KZ84317981414,2024-01-07,CHOCOFOOD ORDER,2024-01-07,1406175.09,-6978.43,DEBIT,Food & Dining
KZ84317981414,2024-01-08,TELE2 KZ PAYMENT,2024-01-08,-355566.09,-1128.26,DEBIT,Utilities
KZ84317981414,2024-01-09,YANDEX GO RIDE,2024-01-09,1384478.08,-1090.67,DEBIT,Transport
KZ84317981414,2024-01-09,АЗС SINOOIL FUEL,2024-01-09,220405.36,-8859.73,DEBIT,Transport
KZ84317981414,2024-01-09,OLYMPIC PLUS CLINIC,2024-01-09,184848.33,-33582.12,DEBIT,Healthcare
KZ84317981414,2024-01-09,KASPI KREDIT PAYMENT,2024-01-09,1658849.25,-36073.38,DEBIT,Loan & Finance
KZ84317981414,2024-01-10,COURSERA SUBSCRIPTION,2024-01-10,1385568.75,-12750.0,DEBIT,Education
KZ84317981414,2024-01-11,FREEDOM FINANCE EMI,2024-01-11,23674.0,-13758.14,DEBIT,Loan & Finance
KZ84317981414,2024-01-11,KASPI KREDIT PAYMENT,2024-01-11,1048772.19,-20275.13,DEBIT,Loan & Finance
KZ84317981414,2024-01-11,KTZ RAILWAY TICKET,2024-01-11,717115.93,-14845.91,DEBIT,Transport
KZ84317981414,2024-01-12,UDEMY COURSE,2024-01-12,44198.68,-12709.91,DEBIT,Education
KZ84317981414,2024-01-12,INSURANCE PAYMENT,2024-01-12,1302517.74,-5551.43,DEBIT,Loan & Finance
KZ84317981414,2024-01-13,INDRIVE TRIP,2024-01-13,1803708.52,-681.22,DEBIT,Transport
KZ84317981414,2024-01-13,LOCAL CAFE,2024-01-13,1448914.93,-1683.87,DEBIT,Food & Dining
KZ84317981414,2024-01-14,SULPAK ELECTRONICS,2024-01-14,735478.19,-56547.06,DEBIT,Shopping
KZ84317981414,2024-01-14,TECHNODOM KZ,2024-01-14,1750946.0,-45526.76,DEBIT,Shopping
KZ84317981414,2024-01-15,ВОДОКАНАЛ PAYMENT,2024-01-15,1445551.64,-3363.29,DEBIT,Utilities
KZ84317981414,2024-01-16,WOLT DELIVERY,2024-01-16,1707397.78,-9660.33,DEBIT,Food & Dining
KZ84317981414,2024-01-16,MAGNUM SUPERMARKET,2024-01-16,162652.51,-6375.21,DEBIT,Shopping
KZ84317981414,2024-01-17,FLY ARYSTAN,2024-01-17,1332483.27,-48336.56,DEBIT,Transport
KZ84317981414,2024-01-17,WOLT DELIVERY,2024-01-17,346861.27,-9264.35,DEBIT,Food & Dining
KZ84317981414,2024-01-17,ЖКХ КОММУНАЛКА,2024-01-17,1069047.32,-26754.82,DEBIT,Utilities
KZ84317981414,2024-01-17,AIR ASTANA TICKET,2024-01-17,1517045.27,-56017.07,DEBIT,Transport
KZ84317981414,2024-01-17,YANDEX GO RIDE,2024-01-17,884679.07,-667.55,DEBIT,Transport
KZ84317981414,2024-01-18,METRO CASH AND CARRY,2024-01-18,-346903.44,-12500.98,DEBIT,Shopping
KZ84317981414,2024-01-18,MAGNUM SUPERMARKET,2024-01-18,-334402.46,-20733.38,DEBIT,Shopping
KZ84317981414,2024-01-19,MCDONALDS ALMATY,2024-01-19,731961.83,-3516.36,DEBIT,Food & Dining
KZ84317981414,2024-01-19,TECHNODOM KZ,2024-01-19,603358.56,-101007.37,DEBIT,Shopping
KZ84317981414,2024-01-21,WILDBERRIES KZ,2024-01-21,1450598.8,-66446.47,DEBIT,Shopping
KZ84317981414,2024-01-23,TELE2 KZ PAYMENT,2024-01-23,37432.13,-2764.57,DEBIT,Utilities
KZ84317981414,2024-01-24,BEELINE KZ RECHARGE,2024-01-24,-155527.89,-3203.13,DEBIT,Utilities
KZ84317981414,2024-01-24,KASPI SHOP PURCHASE,2024-01-24,-253928.51,-98400.62,DEBIT,Shopping
KZ84317981414,2024-01-24,UNIVERSITY TUITION,2024-01-24,363376.84,-118944.12,DEBIT,Education
KZ84317981414,2024-01-24,KAZAKHTELECOM INTERNET,2024-01-24,248331.85,-3442.25,DEBIT,Utilities
KZ84317981414,2024-01-24,APTEKA 36.6,2024-01-24,537766.82,-9245.02,DEBIT,Healthcare
KZ84317981414,2024-01-24,SMALL SUPERMARKET,2024-01-24,356125.62,-7251.22,DEBIT,Shopping
KZ84317981414,2024-01-24,TECHNODOM KZ,2024-01-24,1573062.34,-85786.91,DEBIT,Shopping
KZ84317981414,2024-01-25,MAGNUM SUPERMARKET,2024-01-25,1398318.75,-7856.34,DEBIT,Shopping
KZ84317981414,2024-01-25,ЖКХ КОММУНАЛКА,2024-01-25,1308069.17,-24414.1,DEBIT,Utilities
KZ84317981414,2024-01-25,UDEMY COURSE,2024-01-25,-46101.41,-9391.2,DEBIT,Education
KZ84317981414,2024-01-25,BURGER KING KZ,2024-01-25,218430.44,-1974.92,DEBIT,Food & Dining
KZ84317981414,2024-01-26,KASPI SHOP PURCHASE,2024-01-26,56908.58,-105743.92,DEBIT,Shopping
KZ84317981414,2024-01-26,MEDICALCENTER KZ,2024-01-26,547011.84,-56346.72,DEBIT,Healthcare
KZ84317981414,2024-01-26,MEDICALCENTER KZ,2024-01-26,1717058.11,-27857.02,DEBIT,Healthcare
KZ84317981414,2024-01-26,BURGER KING KZ,2024-01-26,1031614.12,-4121.28,DEBIT,Food & Dining
KZ84317981414,2024-01-26,BURGER KING KZ,2024-01-26,-354437.83,-5083.72,DEBIT,Food & Dining
KZ84317981414,2024-01-27,UDEMY COURSE,2024-01-27,253792.32,-11595.11,DEBIT,Education
KZ84317981414,2024-01-27,KFC ALMATY,2024-01-27,342195.92,-4665.35,DEBIT,Food & Dining
KZ84317981414,2024-01-27,KAZAKHTELECOM INTERNET,2024-01-27,40196.7,-4001.97,DEBIT,Utilities
KZ84317981414,2024-01-28,АЗС SINOOIL FUEL,2024-01-28,1694922.63,-6153.81,DEBIT,Transport
KZ84317981414,2024-01-28,AIR ASTANA TICKET,2024-01-28,885346.62,-146267.5,DEBIT,Transport
KZ84317981414,2024-01-29,UNUSUAL LARGE TRANSACTION,2024-01-29,-864062.94,-488337.51,DEBIT,Other
KZ84317981414,2024-01-29,KFC ALMATY,2024-01-29,1701076.45,-6321.33,DEBIT,Food & Dining
KZ84317981414,2024-01-29,HALYK FINANCE LOAN,2024-01-29,1095802.15,-102234.0,DEBIT,Loan & Finance
KZ84317981414,2024-01-29,MEDICALCENTER KZ,2024-01-29,-278295.42,-24366.91,DEBIT,Healthcare
KZ84317981414,2024-01-31,LOCAL CAFE,2024-01-31,-1097040.66,-1457.69,DEBIT,Food & Dining
KZ84317981414,2024-02-01,UNIVERSITY TUITION,2024-02-01,-1457070.08,-137540.77,DEBIT,Education
KZ84317981414,2024-02-01,SKILLBOX KZ,2024-02-01,-1207295.94,-28455.18,DEBIT,Education
KZ84317981414,2024-02-01,KCELL PAYMENT,2024-02-01,-1232287.2,-2734.68,DEBIT,Utilities
KZ84317981414,2024-02-01,FREEDOM FINANCE EMI,2024-02-01,-952775.97,-32826.21,DEBIT,Loan & Finance
KZ84317981414,2024-02-01,TECHNODOM KZ,2024-02-01,-1924848.71,-137540.77,DEBIT,Shopping
KZ84317981414,2024-02-02,SALARY HALYK BANK,2024-02-02,-290976.41,573086.53,CREDIT,Income
KZ84317981414,2024-02-02,ВОДОКАНАЛ PAYMENT,2024-02-02,-482908.99,-3724.93,DEBIT,Utilities
KZ84317981414,2024-02-02,UDEMY COURSE,2024-02-02,-1473314.24,-12288.12,DEBIT,Education
KZ84317981414,2024-02-03,MAGNUM SUPERMARKET,2024-02-03,-565809.69,-12665.5,DEBIT,Shopping
KZ84317981414,2024-02-03,KFC ALMATY,2024-02-03,-580451.11,-6626.06,DEBIT,Food & Dining
KZ84317981414,2024-02-03,ЖКХ КОММУНАЛКА,2024-02-03,-1290972.32,-25699.75,DEBIT,Utilities
KZ84317981414,2024-02-03,WILDBERRIES KZ,2024-02-03,-769486.83,-8487.99,DEBIT,Shopping
KZ84317981414,2024-02-04,FLY ARYSTAN,2024-02-04,-760998.84,-28484.48,DEBIT,Transport
KZ84317981414,2024-02-04,KAZAKHTELECOM INTERNET,2024-02-04,-1665973.97,-6227.94,DEBIT,Utilities
KZ84317981414,2024-02-04,BEELINE KZ RECHARGE,2024-02-04,-1314505.22,-2601.84,DEBIT,Utilities
KZ84317981414,2024-02-04,APTEKA SAINT LUKE,2024-02-04,-490830.67,-7921.68,DEBIT,Healthcare
KZ84317981414,2024-02-04,KASPI SHOP PURCHASE,2024-02-04,-1632239.89,-111633.63,DEBIT,Shopping
KZ84317981414,2024-02-05,TELE2 KZ PAYMENT,2024-02-05,-662688.24,-1031.76,DEBIT,Utilities
KZ84317981414,2024-02-05,YANDEX GO RIDE,2024-02-05,-1260411.43,-1597.45,DEBIT,Transport
KZ84317981414,2024-02-05,KTZ RAILWAY TICKET,2024-02-05,-588673.29,-8222.17,DEBIT,Transport
KZ84317981414,2024-02-05,SKILLBOX KZ,2024-02-05,-1173812.98,-21575.46,DEBIT,Education
KZ84317981414,2024-02-05,TELE2 KZ PAYMENT,2024-02-05,-325129.42,-1279.58,DEBIT,Utilities
KZ84317981414,2024-02-06,INVIVO CLINIC,2024-02-06,-660457.49,-14796.96,DEBIT,Healthcare
KZ84317981414,2024-02-06,MCDONALDS ALMATY,2024-02-06,-1211117.25,-3821.31,DEBIT,Food & Dining
KZ84317981414,2024-02-06,WILDBERRIES KZ,2024-02-06,-467871.26,-54002.67,DEBIT,Shopping
KZ84317981414,2024-02-06,HALYK FINANCE LOAN,2024-02-06,-1722349.44,-56375.47,DEBIT,Loan & Finance
KZ84317981414,2024-02-07,FREEDOM FINANCE EMI,2024-02-07,-1092702.99,-50565.1,DEBIT,Loan & Finance
KZ84317981414,2024-02-07,ALMATY ENERGO ELECTRIC,2024-02-07,-964297.13,-11521.17,DEBIT,Utilities
KZ84317981414,2024-02-08,FREEDOM FINANCE EMI,2024-02-08,-1659746.03,-24541.84,DEBIT,Loan & Finance
KZ84317981414,2024-02-09,APTEKA SAINT LUKE,2024-02-09,-1265272.56,-4861.13,DEBIT,Healthcare
KZ84317981414,2024-02-09,APTEKA 36.6,2024-02-09,-573825.05,-8015.36,DEBIT,Healthcare
KZ84317981414,2024-02-10,WILDBERRIES KZ,2024-02-10,-645660.53,-56987.24,DEBIT,Shopping
KZ84317981414,2024-02-10,HALYK FINANCE LOAN,2024-02-10,-2182145.56,-95551.89,DEBIT,Loan & Finance
KZ84317981414,2024-02-10,INVIVO CLINIC,2024-02-10,-1787307.94,-18591.47,DEBIT,Healthcare
KZ84317981414,2024-02-11,UDEMY COURSE,2024-02-11,-1768716.47,-11626.41,DEBIT,Education
KZ84317981414,2024-02-11,BURGER KING KZ,2024-02-11,-773874.45,-4387.62,DEBIT,Food & Dining
KZ84317981414,2024-02-11,INDRIVE TRIP,2024-02-11,-411455.48,-1630.68,DEBIT,Transport
KZ84317981414,2024-02-11,WILDBERRIES KZ,2024-02-11,-1504199.0,-25417.9,DEBIT,Shopping
KZ84317981414,2024-02-11,KCELL PAYMENT,2024-02-11,-323849.84,-2226.46,DEBIT,Utilities
KZ84317981414,2024-02-11,GLOVO*ORDER,2024-02-11,-1510681.73,-6482.73,DEBIT,Food & Dining
KZ84317981414,2024-02-11,BURGER KING KZ,2024-02-11,-1178840.76,-5027.77,DEBIT,Food & Dining
KZ84317981414,2024-02-11,SULPAK ELECTRONICS,2024-02-11,-917870.2,-137540.77,DEBIT,Shopping
KZ84317981414,2024-02-12,ЖКХ КОММУНАЛКА,2024-02-12,-2086593.67,-24204.2,DEBIT,Utilities
KZ84317981414,2024-02-12,ЖКХ КОММУНАЛКА,2024-02-12,-321623.39,-30646.98,DEBIT,Utilities
KZ84317981414,2024-02-13,ЖКХ КОММУНАЛКА,2024-02-13,-1750509.31,-16868.55,DEBIT,Utilities
KZ84317981414,2024-02-13,METRO CASH AND CARRY,2024-02-13,-1229552.52,-16631.34,DEBIT,Shopping
KZ84317981414,2024-02-13,BURGER KING KZ,2024-02-13,-1212921.18,-1803.93,DEBIT,Food & Dining
KZ84317981414,2024-02-13,WILDBERRIES KZ,2024-02-13,-1635204.19,-2964.31,DEBIT,Shopping
KZ84317981414,2024-02-13,BEELINE KZ RECHARGE,2024-02-13,-1099858.46,-2817.8,DEBIT,Utilities
KZ84317981414,2024-02-14,MCDONALDS ALMATY,2024-02-14,-1733640.76,-2738.1,DEBIT,Food & Dining
KZ84317981414,2024-02-14,SMALL SUPERMARKET,2024-02-14,-2184172.66,-2027.1,DEBIT,Shopping
KZ84317981414,2024-02-14,MAGNUM SUPERMARKET,2024-02-14,-1311903.38,-20931.06,DEBIT,Shopping
KZ84317981414,2024-02-15,SMALL SUPERMARKET,2024-02-15,-1121858.95,-9139.97,DEBIT,Shopping
KZ84317981414,2024-02-15,SMALL SUPERMARKET,2024-02-15,-1520606.25,-9924.52,DEBIT,Shopping
KZ84317981414,2024-02-16,YANDEX GO RIDE,2024-02-16,-661656.49,-1199.0,DEBIT,Transport
KZ84317981414,2024-02-16,ВОДОКАНАЛ PAYMENT,2024-02-16,-1461026.12,-3956.05,DEBIT,Utilities
KZ84317981414,2024-02-16,MEDICALCENTER KZ,2024-02-16,-1152237.53,-8798.03,DEBIT,Healthcare
KZ84317981414,2024-02-17,KAZAKHTELECOM INTERNET,2024-02-17,-1478781.11,-5466.87,DEBIT,Utilities
KZ84317981414,2024-02-18,KASPI SHOP PURCHASE,2024-02-18,-364381.04,-39251.62,DEBIT,Shopping
KZ84317981414,2024-02-19,BEELINE KZ RECHARGE,2024-02-19,-389865.97,-1646.17,DEBIT,Utilities
KZ84317981414,2024-02-19,CHOCOFOOD ORDER,2024-02-19,-1729456.73,-7107.29,DEBIT,Food & Dining
KZ84317981414,2024-02-20,INDRIVE TRIP,2024-02-20,-413868.59,-2413.11,DEBIT,Transport
KZ84317981414,2024-02-20,MAGNUM SUPERMARKET,2024-02-20,-409824.8,-19958.83,DEBIT,Shopping
KZ84317981414,2024-02-20,ALMATY ENERGO ELECTRIC,2024-02-20,-732514.35,-12330.16,DEBIT,Utilities
KZ84317981414,2024-02-20,HALYK FINANCE LOAN,2024-02-20,-720184.19,-57495.95,DEBIT,Loan & Finance
KZ84317981414,2024-02-20,INSURANCE PAYMENT,2024-02-20,-1243064.58,-10777.38,DEBIT,Loan & Finance
KZ84317981414,2024-02-21,INSURANCE PAYMENT,2024-02-21,-1112718.97,-12860.51,DEBIT,Loan & Finance
KZ84317981414,2024-02-21,KCELL PAYMENT,2024-02-21,-919949.76,-2079.56,DEBIT,Utilities
KZ84317981414,2024-02-21,LOCAL CAFE,2024-02-21,-774687.38,-812.93,DEBIT,Food & Dining
KZ84317981414,2024-02-22,MEDICALCENTER KZ,2024-02-22,-1143439.5,-21580.55,DEBIT,Healthcare
KZ84317981414,2024-02-22,UDEMY COURSE,2024-02-22,-371694.06,-7313.02,DEBIT,Education
KZ84317981414,2024-02-23,UNIVERSITY TUITION,2024-02-23,-2062389.47,-137540.77,DEBIT,Education
KZ84317981414,2024-02-23,APTEKA SAINT LUKE,2024-02-23,-376814.76,-5120.69,DEBIT,Healthcare
KZ84317981414,2024-02-23,APTEKA SAINT LUKE,2024-02-23,-1095582.97,-2879.98,DEBIT,Healthcare
KZ84317981414,2024-02-23,INDRIVE TRIP,2024-02-23,-1730902.66,-1445.93,DEBIT,Transport
KZ84317981414,2024-02-24,MEDICALCENTER KZ,2024-02-24,-553144.19,-62313.52,DEBIT,Healthcare
KZ84317981414,2024-02-25,BEELINE KZ RECHARGE,2024-02-25,-388219.8,-1670.26,DEBIT,Utilities
KZ84317981414,2024-02-25,SMALL SUPERMARKET,2024-02-25,-386549.54,-9734.79,DEBIT,Shopping
KZ84317981414,2024-02-26,COURSERA SUBSCRIPTION,2024-02-26,-977047.13,-12750.0,DEBIT,Education
KZ84317981414,2024-02-26,SMALL SUPERMARKET,2024-02-26,-479184.06,-11312.79,DEBIT,Shopping
KZ84317981414,2024-02-26,FLY ARYSTAN,2024-02-26,-1042137.89,-65090.75,DEBIT,Transport
KZ84317981414,2024-02-26,WOLT DELIVERY,2024-02-26,-1319529.31,-5024.08,DEBIT,Food & Dining
KZ84317981414,2024-02-27,MAGNUM SUPERMARKET,2024-02-27,-1258813.98,-15749.4,DEBIT,Shopping
KZ84317981414,2024-02-27,UDEMY COURSE,2024-02-27,-1757090.05,-6580.74,DEBIT,Education
KZ84317981414,2024-02-28,WOLT DELIVERY,2024-02-28,-780329.43,-5642.06,DEBIT,Food & Dining
KZ84317981414,2024-03-01,FREEDOM FINANCE EMI,2024-03-01,-2421273.73,-50857.89,DEBIT,Loan & Finance
KZ84317981414,2024-03-01,UDEMY COURSE,2024-03-01,-3008980.4,-5823.46,DEBIT,Education
KZ84317981414,2024-03-01,BURGER KING KZ,2024-03-01,-1672609.97,-4893.67,DEBIT,Food & Dining
KZ84317981414,2024-03-01,INDRIVE TRIP,2024-03-01,-4094023.13,-810.1,DEBIT,Transport
KZ84317981414,2024-03-02,KAZAKHTELECOM INTERNET,2024-03-02,-4032264.78,-7012.35,DEBIT,Utilities
KZ84317981414,2024-03-02,SALARY HALYK BANK,2024-03-02,-1598483.97,585688.7,CREDIT,Income
KZ84317981414,2024-03-03,BURGER KING KZ,2024-03-03,-3264509.03,-3403.03,DEBIT,Food & Dining
KZ84317981414,2024-03-03,FLY ARYSTAN,2024-03-03,-4206023.97,-72699.82,DEBIT,Transport
KZ84317981414,2024-03-03,KASPI SHOP PURCHASE,2024-03-03,-3003156.94,-15040.63,DEBIT,Shopping
KZ84317981414,2024-03-04,FREEDOM FINANCE EMI,2024-03-04,-4076555.77,-44290.99,DEBIT,Loan & Finance
KZ84317981414,2024-03-04,UDEMY COURSE,2024-03-04,-2927320.7,-14312.93,DEBIT,Education
KZ84317981414,2024-03-04,KFC ALMATY,2024-03-04,-1640065.6,-3091.71,DEBIT,Food & Dining
KZ84317981414,2024-03-04,HALYK FINANCE LOAN,2024-03-04,-3076067.0,-67086.6,DEBIT,Loan & Finance
KZ84317981414,2024-03-04,KTZ RAILWAY TICKET,2024-03-04,-1664145.97,-21239.26,DEBIT,Transport
KZ84317981414,2024-03-05,TECHNODOM KZ,2024-03-05,-4025252.43,-95377.41,DEBIT,Shopping
KZ84317981414,2024-03-05,MEDICALCENTER KZ,2024-03-05,-1840793.32,-64566.78,DEBIT,Healthcare
KZ84317981414,2024-03-05,АЗС HELIOS PETROL,2024-03-05,-3705898.75,-13981.95,DEBIT,Transport
KZ84317981414,2024-03-05,SMALL SUPERMARKET,2024-03-05,-2177219.6,-8112.94,DEBIT,Shopping
KZ84317981414,2024-03-06,MCDONALDS ALMATY,2024-03-06,-3155310.41,-4098.13,DEBIT,Food & Dining
KZ84317981414,2024-03-06,WOLT DELIVERY,2024-03-06,-3258473.13,-10462.69,DEBIT,Food & Dining
KZ84317981414,2024-03-06,CHOCOFOOD ORDER,2024-03-06,-3623022.14,-8282.92,DEBIT,Food & Dining
KZ84317981414,2024-03-06,OLYMPIC PLUS CLINIC,2024-03-06,-2876627.69,-35119.52,DEBIT,Healthcare
KZ84317981414,2024-03-07,SKILLBOX KZ,2024-03-07,-3308550.54,-44041.51,DEBIT,Education
KZ84317981414,2024-03-07,BEELINE KZ RECHARGE,2024-03-07,-3140175.44,-3508.18,DEBIT,Utilities
KZ84317981414,2024-03-07,APTEKA 36.6,2024-03-07,-2031464.72,-1906.91,DEBIT,Healthcare
KZ84317981414,2024-03-07,INSURANCE PAYMENT,2024-03-07,-2905795.78,-17046.74,DEBIT,Loan & Finance
KZ84317981414,2024-03-07,KASPI SHOP PURCHASE,2024-03-07,-3765952.98,-60054.22,DEBIT,Shopping
KZ84317981414,2024-03-07,OLYMPIC PLUS CLINIC,2024-03-07,-3812045.81,-46092.83,DEBIT,Healthcare
KZ84317981414,2024-03-07,ЖКХ КОММУНАЛКА,2024-03-07,-3344588.59,-22738.74,DEBIT,Utilities
KZ84317981414,2024-03-07,KCELL PAYMENT,2024-03-07,-3144444.28,-4268.84,DEBIT,Utilities
KZ84317981414,2024-03-08,INDRIVE TRIP,2024-03-08,-4210486.01,-1767.57,DEBIT,Transport
KZ84317981414,2024-03-08,LOCAL CAFE,2024-03-08,-1642906.72,-2841.12,DEBIT,Food & Dining
KZ84317981414,2024-03-08,KCELL PAYMENT,2024-03-08,-3146484.23,-2039.95,DEBIT,Utilities
KZ84317981414,2024-03-08,KASPI SHOP PURCHASE,2024-03-08,-1862514.63,-21721.31,DEBIT,Shopping
KZ84317981414,2024-03-08,KCELL PAYMENT,2024-03-08,-1742623.87,-3420.24,DEBIT,Utilities
KZ84317981414,2024-03-08,TECHNODOM KZ,2024-03-08,-2841508.17,-140565.29,DEBIT,Shopping
KZ84317981414,2024-03-08,KAZAKHTELECOM INTERNET,2024-03-08,-2979403.38,-4616.61,DEBIT,Utilities
KZ84317981414,2024-03-09,APTEKA 36.6,2024-03-09,-4133324.15,-5076.44,DEBIT,Healthcare
KZ84317981414,2024-03-09,ЖКХ КОММУНАЛКА,2024-03-09,-4128247.7,-34224.58,DEBIT,Utilities
KZ84317981414,2024-03-09,SULPAK ELECTRONICS,2024-03-09,-3588318.25,-140565.29,DEBIT,Shopping
KZ84317981414,2024-03-09,MAGNUM SUPERMARKET,2024-03-09,-3614739.22,-26420.98,DEBIT,Shopping
KZ84317981414,2024-03-09,ЖКХ КОММУНАЛКА,2024-03-09,-3121985.93,-15927.97,DEBIT,Utilities
KZ84317981414,2024-03-10,BEELINE KZ RECHARGE,2024-03-10,-3261106.0,-2632.87,DEBIT,Utilities
KZ84317981414,2024-03-10,MCDONALDS ALMATY,2024-03-10,-1667716.29,-3570.32,DEBIT,Food & Dining
KZ84317981414,2024-03-11,KAZAKHTELECOM INTERNET,2024-03-11,-4093213.03,-5747.45,DEBIT,Utilities
KZ84317981414,2024-03-12,KAZAKHTELECOM INTERNET,2024-03-12,-2986869.57,-7466.18,DEBIT,Utilities
KZ84317981414,2024-03-12,AIR ASTANA TICKET,2024-03-12,-3248010.44,-44804.78,DEBIT,Transport
KZ84317981414,2024-03-12,SKILLBOX KZ,2024-03-12,-3447752.96,-51083.33,DEBIT,Education
KZ84317981414,2024-03-12,TECHNODOM KZ,2024-03-12,-2561839.02,-140565.29,DEBIT,Shopping
KZ84317981414,2024-03-13,KASPI KREDIT PAYMENT,2024-03-13,-2663616.79,-92729.48,DEBIT,Loan & Finance
KZ84317981414,2024-03-13,ВОДОКАНАЛ PAYMENT,2024-03-13,-3124073.39,-2087.45,DEBIT,Utilities
KZ84317981414,2024-03-14,WILDBERRIES KZ,2024-03-14,-3321849.85,-13299.3,DEBIT,Shopping
KZ84317981414,2024-03-15,KTZ RAILWAY TICKET,2024-03-15,-2570887.32,-9048.3,DEBIT,Transport
KZ84317981414,2024-03-15,HALYK FINANCE LOAN,2024-03-15,-2700942.88,-37326.09,DEBIT,Loan & Finance
KZ84317981414,2024-03-15,APTEKA SAINT LUKE,2024-03-15,-4087465.58,-4855.1,DEBIT,Healthcare
KZ84317981414,2024-03-15,MAGNUM SUPERMARKET,2024-03-15,-3086809.65,-10135.17,DEBIT,Shopping
KZ84317981414,2024-03-15,FREEDOM FINANCE EMI,2024-03-15,-1770659.21,-28035.34,DEBIT,Loan & Finance
KZ84317981414,2024-03-16,APTEKA 36.6,2024-03-16,-3095767.82,-8958.17,DEBIT,Healthcare
KZ84317981414,2024-03-16,WOLT DELIVERY,2024-03-16,-2185263.75,-8044.15,DEBIT,Food & Dining
KZ84317981414,2024-03-16,KASPI SHOP PURCHASE,2024-03-16,-2169106.66,-137641.94,DEBIT,Shopping
KZ84317981414,2024-03-16,INDRIVE TRIP,2024-03-16,-1636973.89,-998.77,DEBIT,Transport
KZ84317981414,2024-03-17,APTEKA SAINT LUKE,2024-03-17,-3076674.48,-607.48,DEBIT,Healthcare
KZ84317981414,2024-03-17,KCELL PAYMENT,2024-03-17,-1888992.52,-4293.69,DEBIT,Utilities
KZ84317981414,2024-03-17,SMALL SUPERMARKET,2024-03-17,-2370415.84,-12640.42,DEBIT,Shopping
KZ84317981414,2024-03-17,AIR ASTANA TICKET,2024-03-17,-3914399.11,-102353.3,DEBIT,Transport
KZ84317981414,2024-03-18,UNIVERSITY TUITION,2024-03-18,-2357775.42,-140565.29,DEBIT,Education
KZ84317981414,2024-03-18,TELE2 KZ PAYMENT,2024-03-18,-2970020.49,-1168.69,DEBIT,Utilities
KZ84317981414,2024-03-18,APTEKA 36.6,2024-03-18,-1776226.53,-2984.86,DEBIT,Healthcare
KZ84317981414,2024-03-18,MAGNUM SUPERMARKET,2024-03-18,-3184427.29,-27110.08,DEBIT,Shopping
KZ84317981414,2024-03-18,OLYMPIC PLUS CLINIC,2024-03-18,-2968851.8,-41531.1,DEBIT,Healthcare
KZ84317981414,2024-03-18,ALMATY ENERGO ELECTRIC,2024-03-18,-4220825.05,-10339.04,DEBIT,Utilities
KZ84317981414,2024-03-19,METRO CASH AND CARRY,2024-03-19,-2217210.14,-31946.39,DEBIT,Shopping
KZ84317981414,2024-03-19,INVIVO CLINIC,2024-03-19,-1612393.25,-13909.28,DEBIT,Healthcare
KZ84317981414,2024-03-19,KCELL PAYMENT,2024-03-19,-3157317.21,-2006.79,DEBIT,Utilities
KZ84317981414,2024-03-21,SMALL SUPERMARKET,2024-03-21,-2886378.31,-9750.62,DEBIT,Shopping
KZ84317981414,2024-03-21,SMALL SUPERMARKET,2024-03-21,-3136667.26,-12593.87,DEBIT,Shopping
KZ84317981414,2024-03-21,UDEMY COURSE,2024-03-21,-2974786.77,-4766.28,DEBIT,Education
KZ84317981414,2024-03-22,АЗС SINOOIL FUEL,2024-03-22,-3352923.66,-8335.07,DEBIT,Transport
KZ84317981414,2024-03-22,MCDONALDS ALMATY,2024-03-22,-4208718.45,-2694.48,DEBIT,Food & Dining
KZ84317981414,2024-03-22,KAZAKHTELECOM INTERNET,2024-03-22,-3188955.66,-4528.37,DEBIT,Utilities
KZ84317981414,2024-03-23,OLYMPIC PLUS CLINIC,2024-03-23,-1635975.11,-23581.87,DEBIT,Healthcare
KZ84317981414,2024-03-23,UDEMY COURSE,2024-03-23,-2913007.77,-4985.95,DEBIT,Education
KZ84317981414,2024-03-24,TECHNODOM KZ,2024-03-24,-2029557.81,-140565.29,DEBIT,Shopping
KZ84317981414,2024-03-24,KFC ALMATY,2024-03-24,-4082610.48,-6054.71,DEBIT,Food & Dining
KZ84317981414,2024-03-24,TELE2 KZ PAYMENT,2024-03-24,-2888749.04,-2370.73,DEBIT,Utilities
KZ84317981414,2024-03-25,WILDBERRIES KZ,2024-03-25,-3691916.81,-68894.67,DEBIT,Shopping
KZ84317981414,2024-03-25,WILDBERRIES KZ,2024-03-25,-1739203.63,-66593.66,DEBIT,Shopping
KZ84317981414,2024-03-25,SULPAK ELECTRONICS,2024-03-25,-3396669.63,-43745.97,DEBIT,Shopping
KZ84317981414,2024-03-25,COURSERA SUBSCRIPTION,2024-03-25,-3203205.66,-14250.0,DEBIT,Education
KZ84317981414,2024-03-25,METRO CASH AND CARRY,2024-03-25,-3106057.96,-10290.14,DEBIT,Shopping
KZ84317981414,2024-03-26,АЗС HELIOS PETROL,2024-03-26,-3929875.03,-15475.92,DEBIT,Transport
KZ84317981414,2024-03-26,APTEKA SAINT LUKE,2024-03-26,-2988116.31,-1246.75,DEBIT,Healthcare
KZ84317981414,2024-03-26,KCELL PAYMENT,2024-03-26,-2908021.82,-2226.05,DEBIT,Utilities
KZ84317981414,2024-03-27,ВОДОКАНАЛ PAYMENT,2024-03-27,-3151212.29,-4728.05,DEBIT,Utilities
KZ84317981414,2024-03-27,SKILLBOX KZ,2024-03-27,-1884698.83,-22184.2,DEBIT,Education
KZ84317981414,2024-03-28,YANDEX GO RIDE,2024-03-28,-1773241.67,-2582.46,DEBIT,Transport
KZ84317981414,2024-03-31,INSURANCE PAYMENT,2024-03-31,-5769562.79,-17956.62,DEBIT,Loan & Finance
KZ84317981414,2024-03-31,SMALL SUPERMARKET,2024-03-31,-5618398.31,-4048.05,DEBIT,Shopping
KZ84317981414,2024-03-31,METRO CASH AND CARRY,2024-03-31,-5614350.25,-25667.44,DEBIT,Shopping
KZ84317981414,2024-04-01,INVIVO CLINIC,2024-04-01,-6453024.68,-19352.99,DEBIT,Healthcare
KZ84317981414,2024-04-01,CHOCOFOOD ORDER,2024-04-01,-5588682.81,-5461.27,DEBIT,Food & Dining
KZ84317981414,2024-04-02,KAZAKHTELECOM INTERNET,2024-04-02,-5781819.73,-4088.61,DEBIT,Utilities
KZ84317981414,2024-04-02,MAGNUM SUPERMARKET,2024-04-02,-6358704.45,-16613.84,DEBIT,Shopping
KZ84317981414,2024-04-02,WOLT DELIVERY,2024-04-02,-5133651.88,-5158.99,DEBIT,Food & Dining
KZ84317981414,2024-04-02,KTZ RAILWAY TICKET,2024-04-02,-3764467.93,-5388.1,DEBIT,Transport
KZ84317981414,2024-04-03,HALYK FINANCE LOAN,2024-04-03,-5696689.19,-61503.31,DEBIT,Loan & Finance
KZ84317981414,2024-04-03,INSURANCE PAYMENT,2024-04-03,-5059414.34,-12065.59,DEBIT,Loan & Finance
KZ84317981414,2024-04-03,SALARY HALYK BANK,2024-04-03,-3632200.41,588624.65,CREDIT,Income
KZ84317981414,2024-04-03,COURSERA SUBSCRIPTION,2024-04-03,-3817098.64,-14250.0,DEBIT,Education
KZ84317981414,2024-04-03,KCELL PAYMENT,2024-04-03,-6400852.41,-4284.61,DEBIT,Utilities
KZ84317981414,2024-04-04,SKILLBOX KZ,2024-04-04,-4537161.63,-27707.44,DEBIT,Education
KZ84317981414,2024-04-04,COURSERA SUBSCRIPTION,2024-04-04,-3921046.56,-14250.0,DEBIT,Education
KZ84317981414,2024-04-05,CHOCOFOOD ORDER,2024-04-05,-5566247.22,-5646.76,DEBIT,Food & Dining
KZ84317981414,2024-04-05,АЗС HELIOS PETROL,2024-04-05,-3686032.66,-10099.97,DEBIT,Transport
KZ84317981414,2024-04-05,HALYK FINANCE LOAN,2024-04-05,-4337024.98,-107228.27,DEBIT,Loan & Finance
KZ84317981414,2024-04-06,WILDBERRIES KZ,2024-04-06,-4509454.19,-50272.26,DEBIT,Shopping
KZ84317981414,2024-04-06,INVIVO CLINIC,2024-04-06,-6433671.69,-21589.56,DEBIT,Healthcare
KZ84317981414,2024-04-06,ЖКХ КОММУНАЛКА,2024-04-06,-5128492.89,-31119.4,DEBIT,Utilities
KZ84317981414,2024-04-07,MAGNUM SUPERMARKET,2024-04-07,-5583221.55,-16974.33,DEBIT,Shopping
KZ84317981414,2024-04-08,TELE2 KZ PAYMENT,2024-04-08,-5560600.46,-1454.06,DEBIT,Utilities
KZ84317981414,2024-04-08,WILDBERRIES KZ,2024-04-08,-5559146.4,-74502.96,DEBIT,Shopping
KZ84317981414,2024-04-08,APTEKA SAINT LUKE,2024-04-08,-5773317.47,-3754.67,DEBIT,Healthcare
KZ84317981414,2024-04-08,CHOCOFOOD ORDER,2024-04-08,-3924131.34,-3084.79,DEBIT,Food & Dining
KZ84317981414,2024-04-08,GLOVO*ORDER,2024-04-08,-3906796.56,-5852.03,DEBIT,Food & Dining
KZ84317981414,2024-04-09,ЖКХ КОММУНАЛКА,2024-04-09,-5076275.49,-14978.55,DEBIT,Utilities
KZ84317981414,2024-04-09,TELE2 KZ PAYMENT,2024-04-09,-6360787.53,-2083.07,DEBIT,Utilities
KZ84317981414,2024-04-09,APTEKA SAINT LUKE,2024-04-09,-5343373.52,-4577.43,DEBIT,Healthcare
KZ84317981414,2024-04-10,KCELL PAYMENT,2024-04-10,-5620935.89,-2537.58,DEBIT,Utilities
KZ84317981414,2024-04-10,KASPI KREDIT PAYMENT,2024-04-10,-5751606.18,-43485.37,DEBIT,Loan & Finance
KZ84317981414,2024-04-10,UNIVERSITY TUITION,2024-04-10,-6064359.56,-141269.91,DEBIT,Education
KZ84317981414,2024-04-10,GLOVO*ORDER,2024-04-10,-4613090.04,-14057.53,DEBIT,Food & Dining
KZ84317981414,2024-04-11,KASPI SHOP PURCHASE,2024-04-11,-3696448.17,-5939.3,DEBIT,Shopping
KZ84317981414,2024-04-11,WILDBERRIES KZ,2024-04-11,-5338796.09,-13770.19,DEBIT,Shopping
KZ84317981414,2024-04-11,ALMATY ENERGO ELECTRIC,2024-04-11,-4229796.71,-7918.5,DEBIT,Utilities
KZ84317981414,2024-04-12,INVIVO CLINIC,2024-04-12,-6256872.77,-10018.12,DEBIT,Healthcare
KZ84317981414,2024-04-12,LOCAL CAFE,2024-04-12,-5029037.01,-2901.0,DEBIT,Food & Dining
KZ84317981414,2024-04-13,UDEMY COURSE,2024-04-13,-4728995.59,-8364.15,DEBIT,Education
KZ84317981414,2024-04-13,METRO CASH AND CARRY,2024-04-13,-4770766.35,-41770.76,DEBIT,Shopping
KZ84317981414,2024-04-13,TELE2 KZ PAYMENT,2024-04-13,-5077644.1,-1368.61,DEBIT,Utilities
KZ84317981414,2024-04-13,WILDBERRIES KZ,2024-04-13,-3772867.32,-5131.31,DEBIT,Shopping
KZ84317981414,2024-04-13,TECHNODOM KZ,2024-04-13,-5325025.9,-129165.12,DEBIT,Shopping
KZ84317981414,2024-04-14,UNIVERSITY TUITION,2024-04-14,-6200937.27,-136577.71,DEBIT,Education
KZ84317981414,2024-04-14,TECHNODOM KZ,2024-04-14,-5484643.44,-141269.91,DEBIT,Shopping
KZ84317981414,2024-04-15,TECHNODOM KZ,2024-04-15,-4989230.88,-141269.91,DEBIT,Shopping
KZ84317981414,2024-04-16,SKILLBOX KZ,2024-04-16,-3946329.8,-22198.46,DEBIT,Education
KZ84317981414,2024-04-16,KTZ RAILWAY TICKET,2024-04-16,-6231549.58,-7737.99,DEBIT,Transport
KZ84317981414,2024-04-16,APTEKA SAINT LUKE,2024-04-16,-4546052.33,-8890.71,DEBIT,Healthcare
KZ84317981414,2024-04-16,ЖКХ КОММУНАЛКА,2024-04-16,-3759079.83,-37521.0,DEBIT,Utilities
KZ84317981414,2024-04-17,INSURANCE PAYMENT,2024-04-17,-5708120.81,-11431.61,DEBIT,Loan & Finance
KZ84317981414,2024-04-17,MAGNUM SUPERMARKET,2024-04-17,-4599032.51,-26817.08,DEBIT,Shopping
KZ84317981414,2024-04-18,WILDBERRIES KZ,2024-04-18,-4847960.96,-59037.35,DEBIT,Shopping
KZ84317981414,2024-04-18,KCELL PAYMENT,2024-04-18,-4459181.92,-4705.09,DEBIT,Utilities
KZ84317981414,2024-04-19,UNUSUAL LARGE TRANSACTION,2024-04-19,-6761008.54,-307983.85,DEBIT,Other
KZ84317981414,2024-04-19,SKILLBOX KZ,2024-04-19,-6223811.59,-19644.56,DEBIT,Education
KZ84317981414,2024-04-19,INVIVO CLINIC,2024-04-19,-3646232.46,-14032.05,DEBIT,Healthcare
KZ84317981414,2024-04-19,INSURANCE PAYMENT,2024-04-19,-4559821.36,-13769.03,DEBIT,Loan & Finance
KZ84317981414,2024-04-19,UDEMY COURSE,2024-04-19,-4572215.44,-12394.08,DEBIT,Education
KZ84317981414,2024-04-20,ВОДОКАНАЛ PAYMENT,2024-04-20,-5083123.49,-5479.39,DEBIT,Utilities
KZ84317981414,2024-04-21,UDEMY COURSE,2024-04-21,-5047348.76,-18311.75,DEBIT,Education
KZ84317981414,2024-04-21,TECHNODOM KZ,2024-04-21,-5923089.64,-141269.91,DEBIT,Shopping
KZ84317981414,2024-04-21,SMALL SUPERMARKET,2024-04-21,-4382082.39,-10413.33,DEBIT,Shopping
KZ84317981414,2024-04-21,WILDBERRIES KZ,2024-04-21,-4371669.05,-34644.07,DEBIT,Shopping
KZ84317981414,2024-04-21,MAGNUM SUPERMARKET,2024-04-21,-3953441.64,-7111.85,DEBIT,Shopping
KZ84317981414,2024-04-21,WILDBERRIES KZ,2024-04-21,-3802848.64,-29981.32,DEBIT,Shopping
KZ84317981414,2024-04-21,MAGNUM SUPERMARKET,2024-04-21,-3721558.83,-25110.66,DEBIT,Shopping
KZ84317981414,2024-04-22,SULPAK ELECTRONICS,2024-04-22,-5176998.3,-41876.94,DEBIT,Shopping
KZ84317981414,2024-04-22,KASPI SHOP PURCHASE,2024-04-22,-6396567.8,-35780.27,DEBIT,Shopping
KZ84317981414,2024-04-23,COURSERA SUBSCRIPTION,2024-04-23,-5635185.89,-14250.0,DEBIT,Education
KZ84317981414,2024-04-23,METRO CASH AND CARRY,2024-04-23,-6412082.13,-11229.72,DEBIT,Shopping
KZ84317981414,2024-04-23,TECHNODOM KZ,2024-04-23,-4221878.21,-117780.42,DEBIT,Shopping
KZ84317981414,2024-04-23,KCELL PAYMENT,2024-04-23,-3690508.87,-4476.2,DEBIT,Utilities
KZ84317981414,2024-04-23,UDEMY COURSE,2024-04-23,-3965971.36,-12529.71,DEBIT,Education
KZ84317981414,2024-04-23,BURGER KING KZ,2024-04-23,-5061296.94,-1882.6,DEBIT,Food & Dining
KZ84317981414,2024-04-24,MAGNUM SUPERMARKET,2024-04-24,-4788923.61,-18157.26,DEBIT,Shopping
KZ84317981414,2024-04-24,KAZAKHTELECOM INTERNET,2024-04-24,-3668735.22,-7408.38,DEBIT,Utilities
KZ84317981414,2024-04-24,АЗС SINOOIL FUEL,2024-04-24,-3661326.85,-15094.39,DEBIT,Transport
KZ84317981414,2024-04-24,ALMATY ENERGO ELECTRIC,2024-04-24,-3675932.69,-7197.47,DEBIT,Utilities
KZ84317981414,2024-04-25,APTEKA SAINT LUKE,2024-04-25,-6204167.03,-3229.76,DEBIT,Healthcare
KZ84317981414,2024-04-25,AIR ASTANA TICKET,2024-04-25,-6342090.62,-85217.85,DEBIT,Transport
KZ84317981414,2024-04-25,HALYK FINANCE LOAN,2024-04-25,-5026136.01,-36905.13,DEBIT,Loan & Finance
KZ84317981414,2024-04-25,LOCAL CAFE,2024-04-25,-5135121.37,-1469.49,DEBIT,Food & Dining
KZ84317981414,2024-04-25,AIR ASTANA TICKET,2024-04-25,-4454476.83,-72394.44,DEBIT,Transport
KZ84317981414,2024-04-26,AIR ASTANA TICKET,2024-04-26,-4720631.44,-107541.4,DEBIT,Transport
KZ84317981414,2024-04-26,LOCAL CAFE,2024-04-26,-3767736.02,-3268.09,DEBIT,Food & Dining
KZ84317981414,2024-04-26,CHOCOFOOD ORDER,2024-04-26,-5185638.79,-8640.49,DEBIT,Food & Dining
KZ84317981414,2024-04-26,CHOCOFOOD ORDER,2024-04-26,-5192784.45,-7145.66,DEBIT,Food & Dining
KZ84317981414,2024-04-26,GLOVO*ORDER,2024-04-26,-5777731.11,-4413.65,DEBIT,Food & Dining
KZ84317981414,2024-04-27,ВОДОКАНАЛ PAYMENT,2024-04-27,-5195860.79,-3076.33,DEBIT,Utilities
KZ84317981414,2024-04-27,FREEDOM FINANCE EMI,2024-04-27,-3900944.53,-71324.4,DEBIT,Loan & Finance
KZ84317981414,2024-04-27,ЖКХ КОММУНАЛКА,2024-04-27,-6246854.64,-15305.07,DEBIT,Utilities
KZ84317981414,2024-04-27,OLYMPIC PLUS CLINIC,2024-04-27,-3829620.13,-12521.49,DEBIT,Healthcare
KZ84317981414,2024-04-27,COURSERA SUBSCRIPTION,2024-04-27,-5097373.49,-14250.0,DEBIT,Education
KZ84317981414,2024-04-28,UNIVERSITY TUITION,2024-04-28,-4104097.79,-138126.43,DEBIT,Education
KZ84317981414,2024-04-30,INSURANCE PAYMENT,2024-04-30,-9075904.93,-13405.74,DEBIT,Loan & Finance
KZ84317981414,2024-04-30,SMALL SUPERMARKET,2024-04-30,-8804670.83,-8826.63,DEBIT,Shopping
KZ84317981414,2024-04-30,INVIVO CLINIC,2024-04-30,-8427311.58,-16429.32,DEBIT,Healthcare
KZ84317981414,2024-04-30,BEELINE KZ RECHARGE,2024-04-30,-7387872.85,-1725.41,DEBIT,Utilities
KZ84317981414,2024-05-01,UDEMY COURSE,2024-05-01,-7233385.6,-9422.32,DEBIT,Education
KZ84317981414,2024-05-01,KAZAKHTELECOM INTERNET,2024-05-01,-9226940.87,-7103.74,DEBIT,Utilities
KZ84317981414,2024-05-01,WILDBERRIES KZ,2024-05-01,-7716565.12,-26706.88,DEBIT,Shopping
KZ84317981414,2024-05-01,KTZ RAILWAY TICKET,2024-05-01,-7215139.75,-11019.78,DEBIT,Transport
KZ84317981414,2024-05-01,TELE2 KZ PAYMENT,2024-05-01,-8059475.71,-1284.96,DEBIT,Utilities
KZ84317981414,2024-05-01,SALARY HALYK BANK,2024-05-01,-6187911.36,573097.18,CREDIT,Income
KZ84317981414,2024-05-02,OLYMPIC PLUS CLINIC,2024-05-02,-8795844.2,-38967.39,DEBIT,Healthcare
KZ84317981414,2024-05-02,APTEKA SAINT LUKE,2024-05-02,-7239549.87,-6164.28,DEBIT,Healthcare
KZ84317981414,2024-05-03,METRO CASH AND CARRY,2024-05-03,-7783723.88,-45787.64,DEBIT,Shopping
KZ84317981414,2024-05-04,LOCAL CAFE,2024-05-04,-7661193.72,-2093.37,DEBIT,Food & Dining
KZ84317981414,2024-05-04,ЖКХ КОММУНАЛКА,2024-05-04,-9062499.19,-24648.87,DEBIT,Utilities
KZ84317981414,2024-05-04,KCELL PAYMENT,2024-05-04,-8582587.48,-3644.26,DEBIT,Utilities
KZ84317981414,2024-05-04,TECHNODOM KZ,2024-05-04,-6524738.27,-119254.74,DEBIT,Shopping
KZ84317981414,2024-05-05,MAGNUM SUPERMARKET,2024-05-05,-8155521.26,-21695.27,DEBIT,Shopping
KZ84317981414,2024-05-05,METRO CASH AND CARRY,2024-05-05,-6894572.87,-40693.15,DEBIT,Shopping
KZ84317981414,2024-05-05,TECHNODOM KZ,2024-05-05,-7063113.31,-137543.32,DEBIT,Shopping
KZ84317981414,2024-05-05,SMALL SUPERMARKET,2024-05-05,-6668663.63,-11564.65,DEBIT,Shopping
KZ84317981414,2024-05-06,KAZAKHTELECOM INTERNET,2024-05-06,-7689858.24,-5093.47,DEBIT,Utilities
KZ84317981414,2024-05-06,KTZ RAILWAY TICKET,2024-05-06,-8264808.2,-22722.14,DEBIT,Transport
KZ84317981414,2024-05-06,SKILLBOX KZ,2024-05-06,-7124827.86,-38249.24,DEBIT,Education
KZ84317981414,2024-05-06,SKILLBOX KZ,2024-05-06,-8095041.69,-35565.98,DEBIT,Education
KZ84317981414,2024-05-07,APTEKA SAINT LUKE,2024-05-07,-8052601.53,-1283.77,DEBIT,Healthcare
KZ84317981414,2024-05-07,KAZAKHTELECOM INTERNET,2024-05-07,-8406674.86,-4323.34,DEBIT,Utilities
KZ84317981414,2024-05-07,UDEMY COURSE,2024-05-07,-6550687.82,-13952.45,DEBIT,Education
KZ84317981414,2024-05-07,KCELL PAYMENT,2024-05-07,-7320086.06,-2014.42,DEBIT,Utilities
KZ84317981414,2024-05-08,APTEKA SAINT LUKE,2024-05-08,-8410882.26,-902.67,DEBIT,Healthcare
KZ84317981414,2024-05-08,KASPI KREDIT PAYMENT,2024-05-08,-9160263.05,-27211.77,DEBIT,Loan & Finance
KZ84317981414,2024-05-08,MCDONALDS ALMATY,2024-05-08,-6925569.99,-3227.47,DEBIT,Food & Dining
KZ84317981414,2024-05-08,KASPI SHOP PURCHASE,2024-05-08,-8569410.9,-137543.32,DEBIT,Shopping
KZ84317981414,2024-05-08,KAZAKHTELECOM INTERNET,2024-05-08,-7220047.04,-4907.29,DEBIT,Utilities
KZ84317981414,2024-05-10,BEELINE KZ RECHARGE,2024-05-10,-7737936.23,-2297.62,DEBIT,Utilities
KZ84317981414,2024-05-10,INDRIVE TRIP,2024-05-10,-8943155.26,-941.1,DEBIT,Transport
KZ84317981414,2024-05-10,SMALL SUPERMARKET,2024-05-10,-7251530.56,-11980.69,DEBIT,Shopping
KZ84317981414,2024-05-10,CHOCOFOOD ORDER,2024-05-10,-8058190.75,-5589.22,DEBIT,Food & Dining
KZ84317981414,2024-05-10,TECHNODOM KZ,2024-05-10,-6653582.01,-102894.19,DEBIT,Shopping
KZ84317981414,2024-05-11,INDRIVE TRIP,2024-05-11,-8097753.19,-2711.49,DEBIT,Transport
KZ84317981414,2024-05-11,ALMATY ENERGO ELECTRIC,2024-05-11,-7684764.77,-5140.84,DEBIT,Utilities
KZ84317981414,2024-05-11,UDEMY COURSE,2024-05-11,-7529509.77,-19097.46,DEBIT,Education
KZ84317981414,2024-05-11,BURGER KING KZ,2024-05-11,-6842526.14,-3004.48,DEBIT,Food & Dining
KZ84317981414,2024-05-11,SMALL SUPERMARKET,2024-05-11,-6853879.73,-11353.59,DEBIT,Shopping
KZ84317981414,2024-05-11,OLYMPIC PLUS CLINIC,2024-05-11,-9096302.87,-20397.94,DEBIT,Healthcare
KZ84317981414,2024-05-11,KCELL PAYMENT,2024-05-11,-7323999.58,-3913.51,DEBIT,Utilities
KZ84317981414,2024-05-12,ЖКХ КОММУНАЛКА,2024-05-12,-7659100.35,-35097.54,DEBIT,Utilities
KZ84317981414,2024-05-13,KTZ RAILWAY TICKET,2024-05-13,-8737201.09,-13311.79,DEBIT,Transport
KZ84317981414,2024-05-13,KAZAKHTELECOM INTERNET,2024-05-13,-7378409.91,-5386.3,DEBIT,Utilities
KZ84317981414,2024-05-14,UNIVERSITY TUITION,2024-05-14,-7505982.62,-118109.77,DEBIT,Education
KZ84317981414,2024-05-15,METRO CASH AND CARRY,2024-05-15,-7336899.48,-10349.14,DEBIT,Shopping
KZ84317981414,2024-05-15,METRO CASH AND CARRY,2024-05-15,-8756876.81,-19675.72,DEBIT,Shopping
KZ84317981414,2024-05-15,MCDONALDS ALMATY,2024-05-15,-8409979.59,-3304.73,DEBIT,Food & Dining
KZ84317981414,2024-05-15,METRO CASH AND CARRY,2024-05-15,-8133825.99,-36072.8,DEBIT,Shopping
KZ84317981414,2024-05-15,KASPI KREDIT PAYMENT,2024-05-15,-9133051.28,-27105.92,DEBIT,Loan & Finance
KZ84317981414,2024-05-15,WILDBERRIES KZ,2024-05-15,-7204119.97,-79292.11,DEBIT,Shopping
KZ84317981414,2024-05-17,ALMATY ENERGO ELECTRIC,2024-05-17,-9105945.36,-9642.49,DEBIT,Utilities
KZ84317981414,2024-05-17,MCDONALDS ALMATY,2024-05-17,-7223963.28,-3916.24,DEBIT,Food & Dining
KZ84317981414,2024-05-17,HALYK FINANCE LOAN,2024-05-17,-6325454.68,-137543.32,DEBIT,Loan & Finance
KZ84317981414,2024-05-17,BEELINE KZ RECHARGE,2024-05-17,-8586345.97,-2850.64,DEBIT,Utilities
KZ84317981414,2024-05-17,TECHNODOM KZ,2024-05-17,-8723889.3,-137543.32,DEBIT,Shopping
KZ84317981414,2024-05-17,SULPAK ELECTRONICS,2024-05-17,-6405483.53,-80028.85,DEBIT,Shopping
KZ84317981414,2024-05-17,BEELINE KZ RECHARGE,2024-05-17,-7326550.34,-2550.77,DEBIT,Utilities
KZ84317981414,2024-05-18,MAGNUM SUPERMARKET,2024-05-18,-9186912.2,-21993.1,DEBIT,Shopping
KZ84317981414,2024-05-18,SMALL SUPERMARKET,2024-05-18,-7671470.91,-2043.71,DEBIT,Shopping
KZ84317981414,2024-05-18,BEELINE KZ RECHARGE,2024-05-18,-7669427.2,-2178.67,DEBIT,Utilities
KZ84317981414,2024-05-18,APTEKA SAINT LUKE,2024-05-18,-7667248.52,-6054.81,DEBIT,Healthcare
KZ84317981414,2024-05-18,MAGNUM SUPERMARKET,2024-05-18,-7620381.08,-9541.68,DEBIT,Shopping
KZ84317981414,2024-05-19,KASPI SHOP PURCHASE,2024-05-19,-7610839.4,-58257.59,DEBIT,Shopping
KZ84317981414,2024-05-19,KCELL PAYMENT,2024-05-19,-7676116.17,-4645.26,DEBIT,Utilities
KZ84317981414,2024-05-20,TECHNODOM KZ,2024-05-20,-6806206.96,-137543.32,DEBIT,Shopping
KZ84317981414,2024-05-20,METRO CASH AND CARRY,2024-05-20,-7373023.61,-36124.13,DEBIT,Shopping
KZ84317981414,2024-05-21,METRO CASH AND CARRY,2024-05-21,-8193993.81,-38472.55,DEBIT,Shopping
KZ84317981414,2024-05-21,HALYK FINANCE LOAN,2024-05-21,-8051317.76,-130050.56,DEBIT,Loan & Finance
KZ84317981414,2024-05-21,АЗС HELIOS PETROL,2024-05-21,-8578943.22,-9532.32,DEBIT,Transport
KZ84317981414,2024-05-21,KCELL PAYMENT,2024-05-21,-7510412.31,-4429.68,DEBIT,Utilities
KZ84317981414,2024-05-21,METRO CASH AND CARRY,2024-05-21,-7552581.81,-23072.04,DEBIT,Shopping
KZ84317981414,2024-05-21,INSURANCE PAYMENT,2024-05-21,-6536735.37,-11997.1,DEBIT,Loan & Finance
KZ84317981414,2024-05-22,METRO CASH AND CARRY,2024-05-22,-6839521.66,-33314.7,DEBIT,Shopping
KZ84317981414,2024-05-22,INSURANCE PAYMENT,2024-05-22,-6922342.52,-19614.56,DEBIT,Loan & Finance
KZ84317981414,2024-05-22,WILDBERRIES KZ,2024-05-22,-7086578.62,-23465.31,DEBIT,Shopping
KZ84317981414,2024-05-22,KASPI SHOP PURCHASE,2024-05-22,-9032999.75,-89844.5,DEBIT,Shopping
KZ84317981414,2024-05-22,MCDONALDS ALMATY,2024-05-22,-7624002.81,-3621.73,DEBIT,Food & Dining
KZ84317981414,2024-05-22,KAZAKHTELECOM INTERNET,2024-05-22,-8242086.06,-5494.56,DEBIT,Utilities
KZ84317981414,2024-05-22,UDEMY COURSE,2024-05-22,-7735638.62,-19073.5,DEBIT,Education
KZ84317981414,2024-05-22,HALYK FINANCE LOAN,2024-05-22,-8236591.5,-42597.69,DEBIT,Loan & Finance
KZ84317981414,2024-05-22,KCELL PAYMENT,2024-05-22,-7679623.93,-3507.76,DEBIT,Utilities
KZ84317981414,2024-05-24,INDRIVE TRIP,2024-05-24,-8583495.33,-907.85,DEBIT,Transport
KZ84317981414,2024-05-24,SMALL SUPERMARKET,2024-05-24,-7386147.44,-7737.53,DEBIT,Shopping
KZ84317981414,2024-05-24,MEDICALCENTER KZ,2024-05-24,-7318071.64,-18316.65,DEBIT,Healthcare
KZ84317981414,2024-05-24,MCDONALDS ALMATY,2024-05-24,-8431867.58,-4556.0,DEBIT,Food & Dining
KZ84317981414,2024-05-25,TECHNODOM KZ,2024-05-25,-8942214.16,-137543.32,DEBIT,Shopping
KZ84317981414,2024-05-25,ВОДОКАНАЛ PAYMENT,2024-05-25,-9037850.32,-4850.56,DEBIT,Utilities
KZ84317981414,2024-05-25,SMALL SUPERMARKET,2024-05-25,-9219837.13,-5068.37,DEBIT,Shopping
KZ84317981414,2024-05-26,HALYK FINANCE LOAN,2024-05-26,-7921267.2,-137543.32,DEBIT,Loan & Finance
KZ84317981414,2024-05-27,SULPAK ELECTRONICS,2024-05-27,-8402351.52,-137543.32,DEBIT,Shopping
KZ84317981414,2024-05-27,INVIVO CLINIC,2024-05-27,-6902727.96,-8155.09,DEBIT,Healthcare
KZ84317981414,2024-05-28,METRO CASH AND CARRY,2024-05-28,-9214768.76,-27856.56,DEBIT,Shopping
KZ84317981414,2024-05-28,KAZAKHTELECOM INTERNET,2024-05-28,-9164919.1,-4656.05,DEBIT,Utilities
KZ84317981414,2024-05-28,MCDONALDS ALMATY,2024-05-28,-6657098.99,-3516.97,DEBIT,Food & Dining
KZ84317981414,2024-05-28,SKILLBOX KZ,2024-05-28,-7299755.0,-48224.43,DEBIT,Education
KZ84317981414,2024-05-30,WILDBERRIES KZ,2024-05-30,-9964491.5,-35065.87,DEBIT,Shopping
KZ84317981414,2024-05-30,METRO CASH AND CARRY,2024-05-30,-9045107.57,-32548.37,DEBIT,Shopping
KZ84317981414,2024-05-31,АЗС SINOOIL FUEL,2024-05-31,-9368292.23,-18268.98,DEBIT,Transport
KZ84317981414,2024-05-31,ВОДОКАНАЛ PAYMENT,2024-05-31,-10738064.34,-2556.18,DEBIT,Utilities
KZ84317981414,2024-05-31,OLYMPIC PLUS CLINIC,2024-05-31,-11078414.94,-8902.34,DEBIT,Healthcare
KZ84317981414,2024-05-31,UDEMY COURSE,2024-05-31,-9108425.81,-13234.49,DEBIT,Education
KZ84317981414,2024-05-31,FLY ARYSTAN,2024-05-31,-10929964.04,-81398.8,DEBIT,Transport
KZ84317981414,2024-05-31,ЖКХ КОММУНАЛКА,2024-05-31,-10805743.06,-21370.5,DEBIT,Utilities
KZ84317981414,2024-05-31,SMALL SUPERMARKET,2024-05-31,-10013478.55,-3688.58,DEBIT,Shopping
KZ84317981414,2024-05-31,SALARY HALYK BANK,2024-05-31,-8648713.38,578227.49,CREDIT,Income
KZ84317981414,2024-05-31,BURGER KING KZ,2024-05-31,-10031308.65,-1958.79,DEBIT,Food & Dining
KZ84317981414,2024-05-31,TELE2 KZ PAYMENT,2024-05-31,-9332591.24,-2865.68,DEBIT,Utilities
KZ84317981414,2024-05-31,COURSERA SUBSCRIPTION,2024-05-31,-8838711.09,-15750.0,DEBIT,Education
KZ84317981414,2024-06-01,KCELL PAYMENT,2024-06-01,-8898701.88,-4649.16,DEBIT,Utilities
KZ84317981414,2024-06-01,FREEDOM FINANCE EMI,2024-06-01,-9012559.2,-49146.91,DEBIT,Loan & Finance
KZ84317981414,2024-06-01,HALYK FINANCE LOAN,2024-06-01,-10784372.56,-33074.9,DEBIT,Loan & Finance
KZ84317981414,2024-06-01,WILDBERRIES KZ,2024-06-01,-8728684.34,-79970.96,DEBIT,Shopping
KZ84317981414,2024-06-01,WILDBERRIES KZ,2024-06-01,-9629152.6,-59410.9,DEBIT,Shopping
KZ84317981414,2024-06-02,UNIVERSITY TUITION,2024-06-02,-10376875.24,-138774.6,DEBIT,Education
KZ84317981414,2024-06-02,UDEMY COURSE,2024-06-02,-9387364.36,-8309.99,DEBIT,Education
KZ84317981414,2024-06-02,OLYMPIC PLUS CLINIC,2024-06-02,-10238100.64,-24845.14,DEBIT,Healthcare
KZ84317981414,2024-06-02,WILDBERRIES KZ,2024-06-02,-9885634.82,-35788.22,DEBIT,Shopping
KZ84317981414,2024-06-02,ЖКХ КОММУНАЛКА,2024-06-02,-9066073.55,-20965.98,DEBIT,Utilities
KZ84317981414,2024-06-02,MCDONALDS ALMATY,2024-06-02,-10087897.94,-4552.23,DEBIT,Food & Dining
KZ84317981414,2024-06-02,UDEMY COURSE,2024-06-02,-10995921.37,-13354.71,DEBIT,Education
KZ84317981414,2024-06-03,INSURANCE PAYMENT,2024-06-03,-8919072.0,-20370.11,DEBIT,Loan & Finance
KZ84317981414,2024-06-03,INSURANCE PAYMENT,2024-06-03,-9901666.55,-13680.99,DEBIT,Loan & Finance
KZ84317981414,2024-06-03,INSURANCE PAYMENT,2024-06-03,-9120178.5,-11752.69,DEBIT,Loan & Finance
KZ84317981414,2024-06-03,KFC ALMATY,2024-06-03,-10213255.5,-4432.58,DEBIT,Food & Dining
KZ84317981414,2024-06-04,COURSERA SUBSCRIPTION,2024-06-04,-10108035.15,-15750.0,DEBIT,Education
KZ84317981414,2024-06-04,INDRIVE TRIP,2024-06-04,-9350023.25,-1312.07,DEBIT,Transport
KZ84317981414,2024-06-04,MCDONALDS ALMATY,2024-06-04,-10815731.97,-4969.94,DEBIT,Food & Dining
KZ84317981414,2024-06-04,UDEMY COURSE,2024-06-04,-8963412.3,-19283.53,DEBIT,Education
KZ84317981414,2024-06-05,WILDBERRIES KZ,2024-06-05,-9703097.11,-73944.51,DEBIT,Shopping
KZ84317981414,2024-06-05,APTEKA SAINT LUKE,2024-06-05,-10477305.16,-7222.76,DEBIT,Healthcare
KZ84317981414,2024-06-05,FREEDOM FINANCE EMI,2024-06-05,-10652977.45,-26259.62,DEBIT,Loan & Finance
KZ84317981414,2024-06-05,ALMATY ENERGO ELECTRIC,2024-06-05,-11011385.59,-15464.22,DEBIT,Utilities
KZ84317981414,2024-06-05,BEELINE KZ RECHARGE,2024-06-05,-9185480.56,-2168.56,DEBIT,Utilities
KZ84317981414,2024-06-05,WILDBERRIES KZ,2024-06-05,-10714743.64,-4313.04,DEBIT,Shopping
KZ84317981414,2024-06-05,ALMATY ENERGO ELECTRIC,2024-06-05,-9569741.7,-6838.04,DEBIT,Utilities
KZ84317981414,2024-06-05,OLYMPIC PLUS CLINIC,2024-06-05,-9315536.42,-42836.26,DEBIT,Healthcare
KZ84317981414,2024-06-05,OLYMPIC PLUS CLINIC,2024-06-05,-10735508.16,-20764.52,DEBIT,Healthcare
KZ84317981414,2024-06-05,COURSERA SUBSCRIPTION,2024-06-05,-10450112.26,-15750.0,DEBIT,Education
KZ84317981414,2024-06-06,KASPI KREDIT PAYMENT,2024-06-06,-10581945.93,-84802.11,DEBIT,Loan & Finance
KZ84317981414,2024-06-06,BEELINE KZ RECHARGE,2024-06-06,-9562903.66,-2383.25,DEBIT,Utilities
KZ84317981414,2024-06-06,ALMATY ENERGO ELECTRIC,2024-06-06,-9495712.97,-14297.27,DEBIT,Utilities
KZ84317981414,2024-06-06,HALYK FINANCE LOAN,2024-06-06,-9849846.6,-130551.98,DEBIT,Loan & Finance
KZ84317981414,2024-06-06,UDEMY COURSE,2024-06-06,-9348711.18,-16119.94,DEBIT,Education
KZ84317981414,2024-06-07,SKILLBOX KZ,2024-06-07,-9267244.42,-47798.65,DEBIT,Education
KZ84317981414,2024-06-07,KAZAKHTELECOM INTERNET,2024-06-07,-9272700.17,-5455.75,DEBIT,Utilities
KZ84317981414,2024-06-07,ВОДОКАНАЛ PAYMENT,2024-06-07,-9709075.76,-5978.65,DEBIT,Utilities
KZ84317981414,2024-06-08,SKILLBOX KZ,2024-06-08,-10710430.6,-39061.98,DEBIT,Education
KZ84317981414,2024-06-08,SMALL SUPERMARKET,2024-06-08,-10848565.24,-6043.98,DEBIT,Shopping
KZ84317981414,2024-06-09,INDRIVE TRIP,2024-06-09,-11069512.6,-2614.7,DEBIT,Transport
KZ84317981414,2024-06-09,SULPAK ELECTRONICS,2024-06-09,-11063378.76,-51993.16,DEBIT,Shopping
KZ84317981414,2024-06-09,METRO CASH AND CARRY,2024-06-09,-10009789.96,-45298.47,DEBIT,Shopping
KZ84317981414,2024-06-10,SMALL SUPERMARKET,2024-06-10,-10114613.67,-6578.51,DEBIT,Shopping
KZ84317981414,2024-06-10,METRO CASH AND CARRY,2024-06-10,-10601472.84,-19526.91,DEBIT,Shopping
KZ84317981414,2024-06-10,MAGNUM SUPERMARKET,2024-06-10,-9555906.63,-10454.82,DEBIT,Shopping
KZ84317981414,2024-06-10,ВОДОКАНАЛ PAYMENT,2024-06-10,-11066897.9,-3519.15,DEBIT,Utilities
KZ84317981414,2024-06-11,BEELINE KZ RECHARGE,2024-06-11,-10810762.03,-3366.57,DEBIT,Utilities
KZ84317981414,2024-06-11,KTZ RAILWAY TICKET,2024-06-11,-10470082.4,-19970.14,DEBIT,Transport
KZ84317981414,2024-06-11,KAZAKHTELECOM INTERNET,2024-06-11,-10608400.01,-6927.17,DEBIT,Utilities
KZ84317981414,2024-06-11,INSURANCE PAYMENT,2024-06-11,-10029349.87,-15871.32,DEBIT,Loan & Finance
KZ84317981414,2024-06-12,KASPI KREDIT PAYMENT,2024-06-12,-9929425.62,-27759.07,DEBIT,Loan & Finance
KZ84317981414,2024-06-13,UDEMY COURSE,2024-06-13,-8932180.85,-13108.85,DEBIT,Education
KZ84317981414,2024-06-13,АЗС HELIOS PETROL,2024-06-13,-10826771.26,-11039.29,DEBIT,Transport
KZ84317981414,2024-06-13,LOCAL CAFE,2024-06-13,-9719294.62,-1044.11,DEBIT,Food & Dining
KZ84317981414,2024-06-13,UDEMY COURSE,2024-06-13,-9481415.71,-16898.87,DEBIT,Education
KZ84317981414,2024-06-13,SMALL SUPERMARKET,2024-06-13,-8853290.44,-14579.35,DEBIT,Shopping
KZ84317981414,2024-06-13,GLOVO*ORDER,2024-06-13,-10622386.73,-13456.36,DEBIT,Food & Dining
KZ84317981414,2024-06-14,KAZAKHTELECOM INTERNET,2024-06-14,-9374433.09,-6140.86,DEBIT,Utilities
KZ84317981414,2024-06-14,SKILLBOX KZ,2024-06-14,-10434362.26,-57487.02,DEBIT,Education
KZ84317981414,2024-06-15,METRO CASH AND CARRY,2024-06-15,-9219445.77,-33965.21,DEBIT,Shopping
KZ84317981414,2024-06-16,ВОДОКАНАЛ PAYMENT,2024-06-16,-9379054.37,-4621.28,DEBIT,Utilities
KZ84317981414,2024-06-16,ВОДОКАНАЛ PAYMENT,2024-06-16,-10119832.34,-5218.67,DEBIT,Utilities
KZ84317981414,2024-06-16,FLY ARYSTAN,2024-06-16,-9172558.44,-51214.2,DEBIT,Transport
KZ84317981414,2024-06-17,INVIVO CLINIC,2024-06-17,-9464516.83,-10713.05,DEBIT,Healthcare
KZ84317981414,2024-06-18,ВОДОКАНАЛ PAYMENT,2024-06-18,-10935222.0,-5257.96,DEBIT,Utilities
KZ84317981414,2024-06-18,ЖКХ КОММУНАЛКА,2024-06-18,-8753111.59,-24427.25,DEBIT,Utilities
KZ84317981414,2024-06-20,FREEDOM FINANCE EMI,2024-06-20,-10958715.45,-23493.45,DEBIT,Loan & Finance
KZ84317981414,2024-06-20,WOLT DELIVERY,2024-06-20,-9718250.51,-9174.75,DEBIT,Food & Dining
KZ84317981414,2024-06-21,INDRIVE TRIP,2024-06-21,-9121344.24,-1165.75,DEBIT,Transport
KZ84317981414,2024-06-21,АЗС SINOOIL FUEL,2024-06-21,-9329725.56,-8221.82,DEBIT,Transport
KZ84317981414,2024-06-22,SKILLBOX KZ,2024-06-22,-8894052.72,-40762.28,DEBIT,Education
KZ84317981414,2024-06-22,COURSERA SUBSCRIPTION,2024-06-22,-10842521.26,-15750.0,DEBIT,Education
KZ84317981414,2024-06-22,FLY ARYSTAN,2024-06-22,-8812515.44,-59403.86,DEBIT,Transport
KZ84317981414,2024-06-22,ВОДОКАНАЛ PAYMENT,2024-06-22,-10092285.15,-4387.21,DEBIT,Utilities
KZ84317981414,2024-06-22,KCELL PAYMENT,2024-06-22,-9560520.42,-4613.79,DEBIT,Utilities
KZ84317981414,2024-06-22,MEDICALCENTER KZ,2024-06-22,-9545451.8,-49738.83,DEBIT,Healthcare
KZ84317981414,2024-06-23,UDEMY COURSE,2024-06-23,-8822961.09,-10445.65,DEBIT,Education
KZ84317981414,2024-06-23,INDRIVE TRIP,2024-06-23,-10608930.37,-530.36,DEBIT,Transport
KZ84317981414,2024-06-24,INSURANCE PAYMENT,2024-06-24,-10671368.63,-18391.17,DEBIT,Loan & Finance
KZ84317981414,2024-06-24,MCDONALDS ALMATY,2024-06-24,-10626717.83,-4331.1,DEBIT,Food & Dining
KZ84317981414,2024-06-24,ВОДОКАНАЛ PAYMENT,2024-06-24,-9321503.74,-5967.32,DEBIT,Utilities
KZ84317981414,2024-06-25,BURGER KING KZ,2024-06-25,-9887985.56,-2350.74,DEBIT,Food & Dining
KZ84317981414,2024-06-25,SKILLBOX KZ,2024-06-25,-9095191.32,-29117.77,DEBIT,Education
KZ84317981414,2024-06-25,SMALL SUPERMARKET,2024-06-25,-8944128.77,-11947.92,DEBIT,Shopping
KZ84317981414,2024-06-25,ALMATY ENERGO ELECTRIC,2024-06-25,-9183311.99,-10753.55,DEBIT,Utilities
KZ84317981414,2024-06-25,TECHNODOM KZ,2024-06-25,-9453803.78,-66439.42,DEBIT,Shopping
KZ84317981414,2024-06-26,BEELINE KZ RECHARGE,2024-06-26,-10807395.46,-1652.4,DEBIT,Utilities
KZ84317981414,2024-06-26,HALYK FINANCE LOAN,2024-06-26,-10208822.92,-88990.59,DEBIT,Loan & Finance
KZ84317981414,2024-06-26,KASPI SHOP PURCHASE,2024-06-26,-10982566.66,-23851.21,DEBIT,Shopping
KZ84317981414,2024-06-26,UDEMY COURSE,2024-06-26,-10751297.66,-13233.32,DEBIT,Education
KZ84317981414,2024-06-27,FREEDOM FINANCE EMI,2024-06-27,-10497143.82,-19838.66,DEBIT,Loan & Finance
KZ84317981414,2024-06-27,KASPI KREDIT PAYMENT,2024-06-27,-10083345.71,-52037.06,DEBIT,Loan & Finance
KZ84317981414,2024-06-29,KASPI SHOP PURCHASE,2024-06-29,-11795997.73,-29081.63,DEBIT,Shopping
KZ84317981414,2024-06-29,FREEDOM FINANCE EMI,2024-06-29,-11188265.7,-72823.75,DEBIT,Loan & Finance
KZ84317981414,2024-06-30,ВОДОКАНАЛ PAYMENT,2024-06-30,-11590635.86,-4835.08,DEBIT,Utilities
KZ84317981414,2024-06-30,INSURANCE PAYMENT,2024-06-30,-12273170.65,-21067.08,DEBIT,Loan & Finance
KZ84317981414,2024-06-30,SMALL SUPERMARKET,2024-06-30,-12893745.15,-10475.8,DEBIT,Shopping
KZ84317981414,2024-06-30,BURGER KING KZ,2024-06-30,-12877066.78,-5121.41,DEBIT,Food & Dining
KZ84317981414,2024-06-30,KASPI KREDIT PAYMENT,2024-06-30,-10962085.0,-99994.83,DEBIT,Loan & Finance
KZ84317981414,2024-07-01,KCELL PAYMENT,2024-07-01,-11565893.33,-3980.82,DEBIT,Utilities
KZ84317981414,2024-07-01,OLYMPIC PLUS CLINIC,2024-07-01,-12225082.69,-25906.99,DEBIT,Healthcare
KZ84317981414,2024-07-02,KAZAKHTELECOM INTERNET,2024-07-02,-12011774.94,-5458.74,DEBIT,Utilities
KZ84317981414,2024-07-02,BURGER KING KZ,2024-07-02,-13869627.98,-6077.95,DEBIT,Food & Dining
KZ84317981414,2024-07-02,SALARY HALYK BANK,2024-07-02,-10449236.74,629178.2,CREDIT,Income
KZ84317981414,2024-07-02,APTEKA SAINT LUKE,2024-07-02,-13562506.72,-1040.83,DEBIT,Healthcare
KZ84317981414,2024-07-02,METRO CASH AND CARRY,2024-07-02,-12528881.49,-42120.99,DEBIT,Shopping
KZ84317981414,2024-07-03,TELE2 KZ PAYMENT,2024-07-03,-13964508.46,-3058.01,DEBIT,Utilities
KZ84317981414,2024-07-03,SMALL SUPERMARKET,2024-07-03,-11478692.78,-12883.88,DEBIT,Shopping
KZ84317981414,2024-07-03,MAGNUM SUPERMARKET,2024-07-03,-13071155.86,-27778.0,DEBIT,Shopping
KZ84317981414,2024-07-04,METRO CASH AND CARRY,2024-07-04,-11582404.1,-13539.08,DEBIT,Shopping
KZ84317981414,2024-07-04,HALYK FINANCE LOAN,2024-07-04,-12717775.57,-150075.45,DEBIT,Loan & Finance
KZ84317981414,2024-07-04,KASPI SHOP PURCHASE,2024-07-04,-12486760.5,-22694.79,DEBIT,Shopping
KZ84317981414,2024-07-05,KFC ALMATY,2024-07-05,-12043009.9,-8726.07,DEBIT,Food & Dining
KZ84317981414,2024-07-05,BEELINE KZ RECHARGE,2024-07-05,-13185572.42,-2609.08,DEBIT,Utilities
KZ84317981414,2024-07-06,KFC ALMATY,2024-07-06,-10709467.36,-5535.64,DEBIT,Food & Dining
KZ84317981414,2024-07-06,АЗС HELIOS PETROL,2024-07-06,-11635245.9,-15109.17,DEBIT,Transport
KZ84317981414,2024-07-07,KASPI SHOP PURCHASE,2024-07-07,-13863550.03,-104826.92,DEBIT,Shopping
KZ84317981414,2024-07-07,SULPAK ELECTRONICS,2024-07-07,-11091080.22,-126586.07,DEBIT,Shopping
KZ84317981414,2024-07-07,KAZAKHTELECOM INTERNET,2024-07-07,-13880853.93,-6056.58,DEBIT,Utilities
KZ84317981414,2024-07-07,KAZAKHTELECOM INTERNET,2024-07-07,-11194954.35,-6688.65,DEBIT,Utilities
KZ84317981414,2024-07-07,BEELINE KZ RECHARGE,2024-07-07,-12199175.7,-2653.6,DEBIT,Utilities
KZ84317981414,2024-07-08,UNIVERSITY TUITION,2024-07-08,-12424173.42,-151002.77,DEBIT,Education
KZ84317981414,2024-07-08,KFC ALMATY,2024-07-08,-13758723.12,-6470.28,DEBIT,Food & Dining
KZ84317981414,2024-07-08,TECHNODOM KZ,2024-07-08,-10851146.16,-78725.07,DEBIT,Shopping
KZ84317981414,2024-07-08,KCELL PAYMENT,2024-07-08,-12034283.83,-2568.45,DEBIT,Utilities
KZ84317981414,2024-07-08,METRO CASH AND CARRY,2024-07-08,-12464065.7,-33565.86,DEBIT,Shopping
KZ84317981414,2024-07-08,ЖКХ КОММУНАЛКА,2024-07-08,-13121157.89,-24454.75,DEBIT,Utilities
KZ84317981414,2024-07-09,OLYMPIC PLUS CLINIC,2024-07-09,-13752252.84,-17659.25,DEBIT,Healthcare
KZ84317981414,2024-07-09,SULPAK ELECTRONICS,2024-07-09,-13410463.12,-147360.41,DEBIT,Shopping
KZ84317981414,2024-07-09,BURGER KING KZ,2024-07-09,-10862090.18,-2186.21,DEBIT,Food & Dining
KZ84317981414,2024-07-09,KCELL PAYMENT,2024-07-09,-11197429.99,-2475.65,DEBIT,Utilities
KZ84317981414,2024-07-09,SULPAK ELECTRONICS,2024-07-09,-11447725.22,-151002.77,DEBIT,Shopping
KZ84317981414,2024-07-09,KCELL PAYMENT,2024-07-09,-13263102.71,-2643.82,DEBIT,Utilities
KZ84317981414,2024-07-10,TELE2 KZ PAYMENT,2024-07-10,-11585800.78,-3396.68,DEBIT,Utilities
KZ84317981414,2024-07-10,COURSERA SUBSCRIPTION,2024-07-10,-10725967.36,-16500.0,DEBIT,Education
KZ84317981414,2024-07-10,WOLT DELIVERY,2024-07-10,-13874797.35,-5169.37,DEBIT,Food & Dining
KZ84317981414,2024-07-11,UDEMY COURSE,2024-07-11,-12910111.03,-16365.89,DEBIT,Education
KZ84317981414,2024-07-12,METRO CASH AND CARRY,2024-07-12,-13260458.89,-39816.31,DEBIT,Shopping
KZ84317981414,2024-07-12,INVIVO CLINIC,2024-07-12,-11204051.65,-6621.65,DEBIT,Healthcare
KZ84317981414,2024-07-12,UNIVERSITY TUITION,2024-07-12,-12868778.34,-151002.77,DEBIT,Education
KZ84317981414,2024-07-12,KFC ALMATY,2024-07-12,-13690056.69,-8654.62,DEBIT,Food & Dining
KZ84317981414,2024-07-12,INSURANCE PAYMENT,2024-07-12,-13182963.34,-13014.95,DEBIT,Loan & Finance
KZ84317981414,2024-07-12,MAGNUM SUPERMARKET,2024-07-12,-10703931.72,-31297.99,DEBIT,Shopping
KZ84317981414,2024-07-12,UNIVERSITY TUITION,2024-07-12,-10672633.73,-151002.77,DEBIT,Education
KZ84317981414,2024-07-12,UNIVERSITY TUITION,2024-07-12,-13561465.89,-151002.77,DEBIT,Education
KZ84317981414,2024-07-13,KAZAKHTELECOM INTERNET,2024-07-13,-10859903.97,-8757.81,DEBIT,Utilities
KZ84317981414,2024-07-13,АЗС HELIOS PETROL,2024-07-13,-11464066.43,-14413.56,DEBIT,Transport
KZ84317981414,2024-07-13,ЖКХ КОММУНАЛКА,2024-07-13,-10772421.09,-39765.4,DEBIT,Utilities
KZ84317981414,2024-07-13,UNIVERSITY TUITION,2024-07-13,-12006316.2,-151002.77,DEBIT,Education
KZ84317981414,2024-07-14,GLOVO*ORDER,2024-07-14,-11830714.84,-11977.26,DEBIT,Food & Dining
KZ84317981414,2024-07-14,SMALL SUPERMARKET,2024-07-14,-12883269.34,-6202.56,DEBIT,Shopping
KZ84317981414,2024-07-14,АЗС HELIOS PETROL,2024-07-14,-11766916.09,-21728.27,DEBIT,Transport
KZ84317981414,2024-07-15,ВОДОКАНАЛ PAYMENT,2024-07-15,-11732501.91,-2767.89,DEBIT,Utilities
KZ84317981414,2024-07-15,BURGER KING KZ,2024-07-15,-11745187.82,-3014.68,DEBIT,Food & Dining
KZ84317981414,2024-07-15,KFC ALMATY,2024-07-15,-12871945.38,-3167.04,DEBIT,Food & Dining
KZ84317981414,2024-07-15,ВОДОКАНАЛ PAYMENT,2024-07-15,-11818737.58,-6239.85,DEBIT,Utilities
KZ84317981414,2024-07-15,KASPI KREDIT PAYMENT,2024-07-15,-13681402.07,-75309.36,DEBIT,Loan & Finance
KZ84317981414,2024-07-16,MCDONALDS ALMATY,2024-07-16,-13564556.15,-2049.43,DEBIT,Food & Dining
KZ84317981414,2024-07-16,ЖКХ КОММУНАЛКА,2024-07-16,-13216165.71,-30593.3,DEBIT,Utilities
KZ84317981414,2024-07-16,METRO CASH AND CARRY,2024-07-16,-11115441.95,-24361.73,DEBIT,Shopping
KZ84317981414,2024-07-16,TELE2 KZ PAYMENT,2024-07-16,-11449652.87,-1927.65,DEBIT,Utilities
KZ84317981414,2024-07-16,MCDONALDS ALMATY,2024-07-16,-11208617.47,-4565.83,DEBIT,Food & Dining
KZ84317981414,2024-07-17,ALMATY ENERGO ELECTRIC,2024-07-17,-13961450.45,-12858.24,DEBIT,Utilities
KZ84317981414,2024-07-17,KCELL PAYMENT,2024-07-17,-13220642.58,-4476.86,DEBIT,Utilities
KZ84317981414,2024-07-17,WILDBERRIES KZ,2024-07-17,-11550368.23,-58530.43,DEBIT,Shopping
KZ84317981414,2024-07-17,KCELL PAYMENT,2024-07-17,-12014227.12,-2452.18,DEBIT,Utilities
KZ84317981414,2024-07-17,CHOCOFOOD ORDER,2024-07-17,-13142051.6,-3739.49,DEBIT,Food & Dining
KZ84317981414,2024-07-18,KASPI SHOP PURCHASE,2024-07-18,-11724750.75,-83329.39,DEBIT,Shopping
KZ84317981414,2024-07-18,LOCAL CAFE,2024-07-18,-12196522.1,-2509.43,DEBIT,Food & Dining
KZ84317981414,2024-07-18,KTZ RAILWAY TICKET,2024-07-18,-13096703.14,-25547.28,DEBIT,Transport
KZ84317981414,2024-07-19,METRO CASH AND CARRY,2024-07-19,-12942621.87,-32510.84,DEBIT,Shopping
KZ84317981414,2024-07-19,YANDEX GO RIDE,2024-07-19,-11735677.04,-3175.13,DEBIT,Transport
KZ84317981414,2024-07-19,ALMATY ENERGO ELECTRIC,2024-07-19,-13132985.71,-11827.82,DEBIT,Utilities
KZ84317981414,2024-07-20,MEDICALCENTER KZ,2024-07-20,-13169948.39,-27896.79,DEBIT,Healthcare
KZ84317981414,2024-07-20,BEELINE KZ RECHARGE,2024-07-20,-10964494.15,-2409.14,DEBIT,Utilities
KZ84317981414,2024-07-20,COURSERA SUBSCRIPTION,2024-07-20,-11812497.73,-16500.0,DEBIT,Education
KZ84317981414,2024-07-21,KASPI KREDIT PAYMENT,2024-07-21,-13734593.58,-44536.89,DEBIT,Loan & Finance
KZ84317981414,2024-07-21,SMALL SUPERMARKET,2024-07-21,-10732655.69,-6688.33,DEBIT,Shopping
KZ84317981414,2024-07-21,KASPI KREDIT PAYMENT,2024-07-21,-12252103.57,-27020.88,DEBIT,Loan & Finance
KZ84317981414,2024-07-22,ЖКХ КОММУНАЛКА,2024-07-22,-12567700.12,-38818.64,DEBIT,Utilities
KZ84317981414,2024-07-22,KAZAKHTELECOM INTERNET,2024-07-22,-11742173.15,-6496.1,DEBIT,Utilities
KZ84317981414,2024-07-22,KASPI SHOP PURCHASE,2024-07-22,-13948592.21,-38178.04,DEBIT,Shopping
KZ84317981414,2024-07-22,LOCAL CAFE,2024-07-22,-11465808.9,-1742.48,DEBIT,Food & Dining
KZ84317981414,2024-07-22,WOLT DELIVERY,2024-07-22,-11561912.51,-11544.29,DEBIT,Food & Dining
KZ84317981414,2024-07-23,APTEKA 36.6,2024-07-23,-11729734.02,-4983.27,DEBIT,Healthcare
KZ84317981414,2024-07-23,HALYK FINANCE LOAN,2024-07-23,-13043377.85,-100755.99,DEBIT,Loan & Finance
KZ84317981414,2024-07-23,ВОДОКАНАЛ PAYMENT,2024-07-23,-12430499.85,-6326.43,DEBIT,Utilities
KZ84317981414,2024-07-23,WILDBERRIES KZ,2024-07-23,-11296722.45,-77447.71,DEBIT,Shopping
KZ84317981414,2024-07-24,YANDEX GO RIDE,2024-07-24,-13908268.16,-4173.62,DEBIT,Transport
KZ84317981414,2024-07-24,OLYMPIC PLUS CLINIC,2024-07-24,-13606092.71,-41536.56,DEBIT,Healthcare
KZ84317981414,2024-07-24,SKILLBOX KZ,2024-07-24,-11855313.43,-24598.6,DEBIT,Education
KZ84317981414,2024-07-24,KCELL PAYMENT,2024-07-24,-11568865.02,-2971.69,DEBIT,Utilities
KZ84317981414,2024-07-25,ALMATY ENERGO ELECTRIC,2024-07-25,-11219274.74,-10657.26,DEBIT,Utilities
KZ84317981414,2024-07-25,SULPAK ELECTRONICS,2024-07-25,-13904094.54,-23240.61,DEBIT,Shopping
KZ84317981414,2024-07-25,YANDEX GO RIDE,2024-07-25,-13133957.53,-971.82,DEBIT,Transport
KZ84317981414,2024-07-26,ALMATY ENERGO ELECTRIC,2024-07-26,-11641421.36,-6175.46,DEBIT,Utilities
KZ84317981414,2024-07-26,MAGNUM SUPERMARKET,2024-07-26,-11491837.8,-13145.02,DEBIT,Shopping
KZ84317981414,2024-07-26,METRO CASH AND CARRY,2024-07-26,-11620136.73,-29500.87,DEBIT,Shopping
KZ84317981414,2024-07-26,APTEKA SAINT LUKE,2024-07-26,-13910414.17,-2146.01,DEBIT,Healthcare
KZ84317981414,2024-07-26,SULPAK ELECTRONICS,2024-07-26,-10521630.97,-72394.22,DEBIT,Shopping
KZ84317981414,2024-07-26,TECHNODOM KZ,2024-07-26,-12194012.67,-151002.77,DEBIT,Shopping
KZ84317981414,2024-07-27,KCELL PAYMENT,2024-07-27,-13138312.11,-4354.58,DEBIT,Utilities
KZ84317981414,2024-07-27,UNUSUAL LARGE TRANSACTION,2024-07-27,-14858803.78,-894295.32,DEBIT,Other
KZ84317981414,2024-07-27,ЖКХ КОММУНАЛКА,2024-07-27,-12031715.38,-17488.26,DEBIT,Utilities
KZ84317981414,2024-07-29,BURGER KING KZ,2024-07-29,-17530381.22,-5614.28,DEBIT,Food & Dining
KZ84317981414,2024-07-29,TECHNODOM KZ,2024-07-29,-15233478.02,-48117.61,DEBIT,Shopping
KZ84317981414,2024-07-29,SMALL SUPERMARKET,2024-07-29,-16880004.58,-13759.03,DEBIT,Shopping
KZ84317981414,2024-07-29,TECHNODOM KZ,2024-07-29,-14498566.21,-148226.76,DEBIT,Shopping
KZ84317981414,2024-07-29,KFC ALMATY,2024-07-29,-17151989.7,-4295.79,DEBIT,Food & Dining
KZ84317981414,2024-07-30,TECHNODOM KZ,2024-07-30,-15164942.14,-148226.76,DEBIT,Shopping
KZ84317981414,2024-07-30,YANDEX GO RIDE,2024-07-30,-14950448.48,-1058.11,DEBIT,Transport
KZ84317981414,2024-07-30,MAGNUM SUPERMARKET,2024-07-30,-17338014.34,-29880.88,DEBIT,Shopping
KZ84317981414,2024-07-30,KAZAKHTELECOM INTERNET,2024-07-30,-15415333.64,-8400.4,DEBIT,Utilities
KZ84317981414,2024-07-30,APTEKA SAINT LUKE,2024-07-30,-17773831.66,-2536.91,DEBIT,Healthcare
KZ84317981414,2024-07-30,KASPI KREDIT PAYMENT,2024-07-30,-16415976.03,-66061.77,DEBIT,Loan & Finance
KZ84317981414,2024-07-30,SALARY HALYK BANK,2024-07-30,-14241192.28,617611.5,CREDIT,Income
KZ84317981414,2024-07-31,SKILLBOX KZ,2024-07-31,-15016715.38,-66266.9,DEBIT,Education
KZ84317981414,2024-07-31,GLOVO*ORDER,2024-07-31,-17143446.25,-13958.88,DEBIT,Food & Dining
KZ84317981414,2024-07-31,KAZAKHTELECOM INTERNET,2024-07-31,-15422341.32,-7007.68,DEBIT,Utilities
KZ84317981414,2024-08-01,MAGNUM SUPERMARKET,2024-08-01,-17406006.48,-31511.68,DEBIT,Shopping
KZ84317981414,2024-08-01,KFC ALMATY,2024-08-01,-16833119.77,-8536.35,DEBIT,Food & Dining
KZ84317981414,2024-08-01,MAGNUM SUPERMARKET,2024-08-01,-17521201.34,-18471.03,DEBIT,Shopping
KZ84317981414,2024-08-01,FREEDOM FINANCE EMI,2024-08-01,-17291489.11,-74136.56,DEBIT,Loan & Finance
KZ84317981414,2024-08-01,APTEKA SAINT LUKE,2024-08-01,-15392076.17,-785.05,DEBIT,Healthcare
KZ84317981414,2024-08-02,OLYMPIC PLUS CLINIC,2024-08-02,-16866245.56,-33125.79,DEBIT,Healthcare
KZ84317981414,2024-08-02,WILDBERRIES KZ,2024-08-02,-15355500.72,-59433.16,DEBIT,Shopping
KZ84317981414,2024-08-02,SKILLBOX KZ,2024-08-02,-16616882.25,-52679.46,DEBIT,Education
KZ84317981414,2024-08-02,APTEKA SAINT LUKE,2024-08-02,-17755932.83,-9495.19,DEBIT,Healthcare
KZ84317981414,2024-08-02,MCDONALDS ALMATY,2024-08-02,-16766104.38,-4142.86,DEBIT,Food & Dining
KZ84317981414,2024-08-02,TECHNODOM KZ,2024-08-02,-14646792.97,-148226.76,DEBIT,Shopping
KZ84317981414,2024-08-03,LOCAL CAFE,2024-08-03,-17147693.91,-4247.66,DEBIT,Food & Dining
KZ84317981414,2024-08-03,ЖКХ КОММУНАЛКА,2024-08-03,-17563522.58,-33141.36,DEBIT,Utilities
KZ84317981414,2024-08-03,KAZAKHTELECOM INTERNET,2024-08-03,-15645516.37,-5641.62,DEBIT,Utilities
KZ84317981414,2024-08-04,UDEMY COURSE,2024-08-04,-16672803.16,-12130.73,DEBIT,Education
KZ84317981414,2024-08-04,TECHNODOM KZ,2024-08-04,-15817445.69,-148226.76,DEBIT,Shopping
KZ84317981414,2024-08-04,WOLT DELIVERY,2024-08-04,-17362501.2,-4222.28,DEBIT,Food & Dining
KZ84317981414,2024-08-04,HALYK FINANCE LOAN,2024-08-04,-16952752.38,-72747.8,DEBIT,Loan & Finance
KZ84317981414,2024-08-05,WOLT DELIVERY,2024-08-05,-16761961.53,-6337.6,DEBIT,Food & Dining
KZ84317981414,2024-08-05,METRO CASH AND CARRY,2024-08-05,-16993905.24,-41152.85,DEBIT,Shopping
KZ84317981414,2024-08-05,CHOCOFOOD ORDER,2024-08-05,-17003475.43,-5242.75,DEBIT,Food & Dining
KZ84317981414,2024-08-05,ALMATY ENERGO ELECTRIC,2024-08-05,-17500719.31,-6698.2,DEBIT,Utilities
KZ84317981414,2024-08-05,KTZ RAILWAY TICKET,2024-08-05,-17743751.02,-5801.25,DEBIT,Transport
KZ84317981414,2024-08-05,SKILLBOX KZ,2024-08-05,-14911614.08,-62633.73,DEBIT,Education
KZ84317981414,2024-08-05,INSURANCE PAYMENT,2024-08-05,-14668642.31,-21849.34,DEBIT,Loan & Finance
KZ84317981414,2024-08-06,CHOCOFOOD ORDER,2024-08-06,-17491009.75,-9091.72,DEBIT,Food & Dining
KZ84317981414,2024-08-06,SMALL SUPERMARKET,2024-08-06,-14677934.31,-9292.0,DEBIT,Shopping
KZ84317981414,2024-08-06,WILDBERRIES KZ,2024-08-06,-16824583.42,-37155.18,DEBIT,Shopping
KZ84317981414,2024-08-07,TELE2 KZ PAYMENT,2024-08-07,-17494021.11,-3011.36,DEBIT,Utilities
KZ84317981414,2024-08-07,АЗС HELIOS PETROL,2024-08-07,-17217352.56,-17682.63,DEBIT,Transport
KZ84317981414,2024-08-07,MAGNUM SUPERMARKET,2024-08-07,-17199669.93,-32961.58,DEBIT,Shopping
KZ84317981414,2024-08-07,KASPI SHOP PURCHASE,2024-08-07,-17093398.56,-82859.05,DEBIT,Shopping
KZ84317981414,2024-08-07,BEELINE KZ RECHARGE,2024-08-07,-16998232.68,-4327.44,DEBIT,Utilities
KZ84317981414,2024-08-07,ЖКХ КОММУНАЛКА,2024-08-07,-15386373.96,-30873.24,DEBIT,Utilities
KZ84317981414,2024-08-07,WILDBERRIES KZ,2024-08-07,-17823726.27,-49894.61,DEBIT,Shopping
KZ84317981414,2024-08-07,MAGNUM SUPERMARKET,2024-08-07,-15296067.57,-22859.58,DEBIT,Shopping
KZ84317981414,2024-08-07,APTEKA 36.6,2024-08-07,-17878199.31,-12755.08,DEBIT,Healthcare
KZ84317981414,2024-08-07,INSURANCE PAYMENT,2024-08-07,-17865444.23,-21852.84,DEBIT,Loan & Finance
KZ84317981414,2024-08-08,HALYK FINANCE LOAN,2024-08-08,-17737949.77,-142232.17,DEBIT,Loan & Finance
KZ84317981414,2024-08-08,TECHNODOM KZ,2024-08-08,-15972851.99,-148226.76,DEBIT,Shopping
KZ84317981414,2024-08-08,APTEKA 36.6,2024-08-08,-17010539.52,-7064.08,DEBIT,Healthcare
KZ84317981414,2024-08-09,OLYMPIC PLUS CLINIC,2024-08-09,-17595717.6,-28050.53,DEBIT,Healthcare
KZ84317981414,2024-08-09,BEELINE KZ RECHARGE,2024-08-09,-17826341.39,-2615.12,DEBIT,Utilities
KZ84317981414,2024-08-10,KAZAKHTELECOM INTERNET,2024-08-10,-16625728.33,-5764.62,DEBIT,Utilities
KZ84317981414,2024-08-11,SKILLBOX KZ,2024-08-11,-16755623.93,-58706.59,DEBIT,Education
KZ84317981414,2024-08-11,АЗС SINOOIL FUEL,2024-08-11,-16012600.13,-11319.73,DEBIT,Transport
KZ84317981414,2024-08-11,MCDONALDS ALMATY,2024-08-11,-17156751.46,-4761.76,DEBIT,Food & Dining
KZ84317981414,2024-08-11,LOCAL CAFE,2024-08-11,-16628739.96,-3011.62,DEBIT,Food & Dining
KZ84317981414,2024-08-12,UNIVERSITY TUITION,2024-08-12,-16201687.51,-148226.76,DEBIT,Education
KZ84317981414,2024-08-12,TELE2 KZ PAYMENT,2024-08-12,-17524766.95,-3565.61,DEBIT,Utilities
KZ84317981414,2024-08-12,SULPAK ELECTRONICS,2024-08-12,-15639874.75,-148226.76,DEBIT,Shopping
KZ84317981414,2024-08-12,MAGNUM SUPERMARKET,2024-08-12,-17356866.59,-18852.25,DEBIT,Shopping
KZ84317981414,2024-08-13,KTZ RAILWAY TICKET,2024-08-13,-15824625.23,-7179.55,DEBIT,Transport
KZ84317981414,2024-08-13,INDRIVE TRIP,2024-08-13,-17358278.92,-1412.33,DEBIT,Transport
KZ84317981414,2024-08-13,АЗС HELIOS PETROL,2024-08-13,-14350339.45,-16441.85,DEBIT,Transport
KZ84317981414,2024-08-13,KTZ RAILWAY TICKET,2024-08-13,-15491647.99,-20109.36,DEBIT,Transport
KZ84317981414,2024-08-14,COURSERA SUBSCRIPTION,2024-08-14,-17843591.39,-17250.0,DEBIT,Education
KZ84317981414,2024-08-15,BEELINE KZ RECHARGE,2024-08-15,-17102228.72,-4597.28,DEBIT,Utilities
KZ84317981414,2024-08-15,ВОДОКАНАЛ PAYMENT,2024-08-15,-15391291.12,-4917.16,DEBIT,Utilities
KZ84317981414,2024-08-15,MCDONALDS ALMATY,2024-08-15,-15393662.6,-1586.44,DEBIT,Food & Dining
KZ84317981414,2024-08-15,APTEKA 36.6,2024-08-15,-14927322.93,-15708.85,DEBIT,Healthcare
KZ84317981414,2024-08-16,UDEMY COURSE,2024-08-16,-17374494.79,-11993.59,DEBIT,Education
KZ84317981414,2024-08-16,HALYK FINANCE LOAN,2024-08-16,-17481918.03,-75911.55,DEBIT,Loan & Finance
KZ84317981414,2024-08-16,ВОДОКАНАЛ PAYMENT,2024-08-16,-16678678.02,-5874.85,DEBIT,Utilities
KZ84317981414,2024-08-16,LOCAL CAFE,2024-08-16,-15181041.06,-2712.99,DEBIT,Food & Dining
KZ84317981414,2024-08-17,TECHNODOM KZ,2024-08-17,-16564202.79,-148226.76,DEBIT,Shopping
KZ84317981414,2024-08-17,WILDBERRIES KZ,2024-08-17,-17308133.46,-4411.08,DEBIT,Shopping
KZ84317981414,2024-08-17,SMALL SUPERMARKET,2024-08-17,-15406933.24,-13270.64,DEBIT,Shopping
KZ84317981414,2024-08-18,GLOVO*ORDER,2024-08-18,-17771294.74,-15361.92,DEBIT,Food & Dining
KZ84317981414,2024-08-18,INDRIVE TRIP,2024-08-18,-14243060.02,-1867.74,DEBIT,Transport
KZ84317981414,2024-08-18,BEELINE KZ RECHARGE,2024-08-18,-16631694.19,-2954.23,DEBIT,Utilities
KZ84317981414,2024-08-18,ALMATY ENERGO ELECTRIC,2024-08-18,-15178328.07,-13385.94,DEBIT,Utilities
KZ84317981414,2024-08-18,COURSERA SUBSCRIPTION,2024-08-18,-17129487.37,-17250.0,DEBIT,Education
KZ84317981414,2024-08-19,ALMATY ENERGO ELECTRIC,2024-08-19,-14684260.22,-6325.91,DEBIT,Utilities
KZ84317981414,2024-08-19,BEELINE KZ RECHARGE,2024-08-19,-15975539.43,-2687.44,DEBIT,Utilities
KZ84317981414,2024-08-19,CHOCOFOOD ORDER,2024-08-19,-15185360.4,-4319.34,DEBIT,Food & Dining
KZ84317981414,2024-08-20,CHOCOFOOD ORDER,2024-08-20,-17166708.35,-9956.89,DEBIT,Food & Dining
KZ84317981414,2024-08-20,TELE2 KZ PAYMENT,2024-08-20,-17104041.17,-1812.45,DEBIT,Utilities
KZ84317981414,2024-08-20,KTZ RAILWAY TICKET,2024-08-20,-15669218.93,-23702.55,DEBIT,Transport
KZ84317981414,2024-08-21,BEELINE KZ RECHARGE,2024-08-21,-17746437.64,-2686.62,DEBIT,Utilities
KZ84317981414,2024-08-21,WILDBERRIES KZ,2024-08-21,-14728257.86,-43997.64,DEBIT,Shopping
KZ84317981414,2024-08-21,SKILLBOX KZ,2024-08-21,-16053460.75,-40860.62,DEBIT,Education
KZ84317981414,2024-08-22,BURGER KING KZ,2024-08-22,-17502730.31,-2011.0,DEBIT,Food & Dining
KZ84317981414,2024-08-22,KTZ RAILWAY TICKET,2024-08-22,-16001280.39,-25740.96,DEBIT,Transport
KZ84317981414,2024-08-22,WILDBERRIES KZ,2024-08-22,-14333897.6,-90837.58,DEBIT,Shopping
KZ84317981414,2024-08-22,TECHNODOM KZ,2024-08-22,-15471538.63,-49197.31,DEBIT,Shopping
KZ84317981414,2024-08-22,АЗС HELIOS PETROL,2024-08-22,-16696917.34,-13007.59,DEBIT,Transport
KZ84317981414,2024-08-22,METRO CASH AND CARRY,2024-08-22,-16660672.44,-28978.25,DEBIT,Shopping
KZ84317981414,2024-08-23,WOLT DELIVERY,2024-08-23,-16683909.75,-5231.74,DEBIT,Food & Dining
KZ84317981414,2024-08-23,ВОДОКАНАЛ PAYMENT,2024-08-23,-17097631.43,-4232.87,DEBIT,Utilities
KZ84317981414,2024-08-23,TECHNODOM KZ,2024-08-23,-16349914.27,-148226.76,DEBIT,Shopping
KZ84317981414,2024-08-24,INSURANCE PAYMENT,2024-08-24,-14949390.37,-22067.44,DEBIT,Loan & Finance
KZ84317981414,2024-08-24,KFC ALMATY,2024-08-24,-17112237.37,-8196.2,DEBIT,Food & Dining
KZ84317981414,2024-08-24,SULPAK ELECTRONICS,2024-08-24,-15273207.98,-39729.96,DEBIT,Shopping
KZ84317981414,2024-08-25,UDEMY COURSE,2024-08-25,-17303722.38,-12233.27,DEBIT,Education
KZ84317981414,2024-08-25,KCELL PAYMENT,2024-08-25,-16770178.24,-4073.86,DEBIT,Utilities
KZ84317981414,2024-08-25,WOLT DELIVERY,2024-08-25,-16619963.71,-3081.46,DEBIT,Food & Dining
KZ84317981414,2024-08-26,KASPI SHOP PURCHASE,2024-08-26,-14848980.35,-120722.48,DEBIT,Shopping
KZ84317981414,2024-08-26,COURSERA SUBSCRIPTION,2024-08-26,-16787428.24,-17250.0,DEBIT,Education
KZ84317981414,2024-08-26,KCELL PAYMENT,2024-08-26,-17567667.07,-4144.49,DEBIT,Utilities
KZ84317981414,2024-08-28,METRO CASH AND CARRY,2024-08-28,-18844407.62,-47949.46,DEBIT,Shopping
KZ84317981414,2024-08-28,KCELL PAYMENT,2024-08-28,-18136518.85,-2455.9,DEBIT,Utilities
KZ84317981414,2024-08-28,TECHNODOM KZ,2024-08-28,-18280422.54,-138430.33,DEBIT,Shopping
KZ84317981414,2024-08-28,WOLT DELIVERY,2024-08-28,-17412379.57,-6030.44,DEBIT,Food & Dining
KZ84317981414,2024-08-29,MAGNUM SUPERMARKET,2024-08-29,-17751647.93,-23391.66,DEBIT,Shopping
KZ84317981414,2024-08-29,INVIVO CLINIC,2024-08-29,-17316513.49,-15107.22,DEBIT,Healthcare
KZ84317981414,2024-08-29,MAGNUM SUPERMARKET,2024-08-29,-19620163.99,-30474.47,DEBIT,Shopping
KZ84317981414,2024-08-29,KAZAKHTELECOM INTERNET,2024-08-29,-19694486.29,-7874.19,DEBIT,Utilities
KZ84317981414,2024-08-30,INVIVO CLINIC,2024-08-30,-19164674.88,-10730.49,DEBIT,Healthcare
KZ84317981414,2024-08-30,YANDEX GO RIDE,2024-08-30,-19764199.14,-3069.81,DEBIT,Transport
KZ84317981414,2024-08-30,GLOVO*ORDER,2024-08-30,-17341754.88,-10201.66,DEBIT,Food & Dining
KZ84317981414,2024-08-30,MCDONALDS ALMATY,2024-08-30,-18141992.21,-5473.36,DEBIT,Food & Dining
KZ84317981414,2024-08-30,MAGNUM SUPERMARKET,2024-08-30,-18573957.65,-14758.59,DEBIT,Shopping
KZ84317981414,2024-08-30,METRO CASH AND CARRY,2024-08-30,-17936834.62,-46756.36,DEBIT,Shopping
KZ84317981414,2024-08-31,TELE2 KZ PAYMENT,2024-08-31,-18433320.19,-1824.14,DEBIT,Utilities
KZ84317981414,2024-08-31,WILDBERRIES KZ,2024-08-31,-17331553.21,-15039.72,DEBIT,Shopping
KZ84317981414,2024-09-01,KASPI SHOP PURCHASE,2024-09-01,-17378646.41,-16124.65,DEBIT,Shopping
KZ84317981414,2024-09-01,SALARY HALYK BANK,2024-09-01,-17301406.27,576793.03,CREDIT,Income
KZ84317981414,2024-09-01,CHOCOFOOD ORDER,2024-09-01,-20887821.95,-7000.6,DEBIT,Food & Dining
KZ84317981414,2024-09-02,INVIVO CLINIC,2024-09-02,-19674496.34,-25805.63,DEBIT,Healthcare
KZ84317981414,2024-09-02,CHOCOFOOD ORDER,2024-09-02,-17658049.68,-3777.44,DEBIT,Food & Dining
KZ84317981414,2024-09-03,WILDBERRIES KZ,2024-09-03,-19799616.89,-6482.99,DEBIT,Shopping
KZ84317981414,2024-09-03,AIR ASTANA TICKET,2024-09-03,-19287877.18,-123202.3,DEBIT,Transport
KZ84317981414,2024-09-04,ЖКХ КОММУНАЛКА,2024-09-04,-19648690.71,-28526.72,DEBIT,Utilities
KZ84317981414,2024-09-04,YANDEX GO RIDE,2024-09-04,-17939221.61,-2386.99,DEBIT,Transport
KZ84317981414,2024-09-04,TECHNODOM KZ,2024-09-04,-18987881.09,-138430.33,DEBIT,Shopping
KZ84317981414,2024-09-04,APTEKA 36.6,2024-09-04,-17419102.44,-6722.87,DEBIT,Healthcare
KZ84317981414,2024-09-05,АЗС SINOOIL FUEL,2024-09-05,-20017219.79,-12772.08,DEBIT,Transport
KZ84317981414,2024-09-05,АЗС SINOOIL FUEL,2024-09-05,-20736706.6,-11621.77,DEBIT,Transport
KZ84317981414,2024-09-05,TECHNODOM KZ,2024-09-05,-18114600.95,-68736.93,DEBIT,Shopping
KZ84317981414,2024-09-06,SKILLBOX KZ,2024-09-06,-19589689.53,-23626.31,DEBIT,Education
KZ84317981414,2024-09-06,MEDICALCENTER KZ,2024-09-06,-20004447.71,-66599.35,DEBIT,Healthcare
KZ84317981414,2024-09-06,KAZAKHTELECOM INTERNET,2024-09-06,-19533550.14,-5653.74,DEBIT,Utilities
KZ84317981414,2024-09-06,HALYK FINANCE LOAN,2024-09-06,-17699204.49,-36062.2,DEBIT,Loan & Finance
KZ84317981414,2024-09-06,KCELL PAYMENT,2024-09-06,-17406349.13,-4144.09,DEBIT,Utilities
KZ84317981414,2024-09-06,INSURANCE PAYMENT,2024-09-06,-17402205.03,-11535.43,DEBIT,Loan & Finance
KZ84317981414,2024-09-07,ЖКХ КОММУНАЛКА,2024-09-07,-18319111.59,-38689.05,DEBIT,Utilities
KZ84317981414,2024-09-07,GLOVO*ORDER,2024-09-07,-21038303.48,-14794.24,DEBIT,Food & Dining
KZ84317981414,2024-09-07,GLOVO*ORDER,2024-09-07,-20897139.64,-9317.69,DEBIT,Food & Dining
KZ84317981414,2024-09-07,SULPAK ELECTRONICS,2024-09-07,-19112227.94,-124346.86,DEBIT,Shopping
KZ84317981414,2024-09-08,ВОДОКАНАЛ PAYMENT,2024-09-08,-19769556.39,-3143.75,DEBIT,Utilities
KZ84317981414,2024-09-08,SMALL SUPERMARKET,2024-09-08,-19766412.64,-2213.5,DEBIT,Shopping
KZ84317981414,2024-09-08,INSURANCE PAYMENT,2024-09-08,-20972598.16,-8289.65,DEBIT,Loan & Finance
KZ84317981414,2024-09-08,SMALL SUPERMARKET,2024-09-08,-17663142.3,-5092.62,DEBIT,Shopping
KZ84317981414,2024-09-08,TECHNODOM KZ,2024-09-08,-17890078.26,-138430.33,DEBIT,Shopping
KZ84317981414,2024-09-08,YANDEX GO RIDE,2024-09-08,-20899923.15,-2783.51,DEBIT,Transport
KZ84317981414,2024-09-08,WOLT DELIVERY,2024-09-08,-17942628.85,-3407.24,DEBIT,Food & Dining
KZ84317981414,2024-09-08,GLOVO*ORDER,2024-09-08,-18032559.87,-12825.65,DEBIT,Food & Dining
KZ84317981414,2024-09-09,ЖКХ КОММУНАЛКА,2024-09-09,-18352490.28,-33378.69,DEBIT,Utilities
KZ84317981414,2024-09-10,MEDICALCENTER KZ,2024-09-10,-21023509.24,-50911.08,DEBIT,Healthcare
KZ84317981414,2024-09-10,LOCAL CAFE,2024-09-10,-17703397.5,-4193.01,DEBIT,Food & Dining
KZ84317981414,2024-09-10,SULPAK ELECTRONICS,2024-09-10,-20714100.85,-135636.63,DEBIT,Shopping
KZ84317981414,2024-09-11,INVIVO CLINIC,2024-09-11,-18134062.95,-19462.0,DEBIT,Healthcare
KZ84317981414,2024-09-11,FREEDOM FINANCE EMI,2024-09-11,-20964308.51,-64385.36,DEBIT,Loan & Finance
KZ84317981414,2024-09-11,FREEDOM FINANCE EMI,2024-09-11,-19566063.21,-19898.22,DEBIT,Loan & Finance
KZ84317981414,2024-09-11,АЗС HELIOS PETROL,2024-09-11,-20388468.33,-11507.33,DEBIT,Transport
KZ84317981414,2024-09-11,SULPAK ELECTRONICS,2024-09-11,-20545202.04,-114793.34,DEBIT,Shopping
KZ84317981414,2024-09-11,GLOVO*ORDER,2024-09-11,-21189958.23,-4666.73,DEBIT,Food & Dining
KZ84317981414,2024-09-12,COURSERA SUBSCRIPTION,2024-09-12,-20564797.48,-16500.0,DEBIT,Education
KZ84317981414,2024-09-12,CHOCOFOOD ORDER,2024-09-12,-20725084.84,-10983.99,DEBIT,Food & Dining
KZ84317981414,2024-09-12,WILDBERRIES KZ,2024-09-12,-18506123.69,-72803.5,DEBIT,Shopping
KZ84317981414,2024-09-12,INSURANCE PAYMENT,2024-09-12,-19761129.33,-16199.09,DEBIT,Loan & Finance
KZ84317981414,2024-09-13,KCELL PAYMENT,2024-09-13,-17707893.31,-4495.81,DEBIT,Utilities
KZ84317981414,2024-09-13,OLYMPIC PLUS CLINIC,2024-09-13,-17728256.27,-15558.51,DEBIT,Healthcare
KZ84317981414,2024-09-13,KASPI KREDIT PAYMENT,2024-09-13,-17620191.2,-64663.43,DEBIT,Loan & Finance
KZ84317981414,2024-09-13,WOLT DELIVERY,2024-09-13,-19124657.42,-4496.92,DEBIT,Food & Dining
KZ84317981414,2024-09-14,WOLT DELIVERY,2024-09-14,-18849450.76,-5043.14,DEBIT,Food & Dining
KZ84317981414,2024-09-14,APTEKA 36.6,2024-09-14,-21185291.5,-8557.69,DEBIT,Healthcare
KZ84317981414,2024-09-14,ЖКХ КОММУНАЛКА,2024-09-14,-17654272.24,-34081.04,DEBIT,Utilities
KZ84317981414,2024-09-14,KASPI SHOP PURCHASE,2024-09-14,-18425864.86,-73374.58,DEBIT,Shopping
KZ84317981414,2024-09-15,OLYMPIC PLUS CLINIC,2024-09-15,-20763855.73,-27149.13,DEBIT,Healthcare
KZ84317981414,2024-09-15,AIR ASTANA TICKET,2024-09-15,-20880821.35,-81169.79,DEBIT,Transport
KZ84317981414,2024-09-15,WILDBERRIES KZ,2024-09-15,-18514566.96,-8443.28,DEBIT,Shopping
KZ84317981414,2024-09-15,METRO CASH AND CARRY,2024-09-15,-19686612.11,-12115.77,DEBIT,Shopping
KZ84317981414,2024-09-15,TECHNODOM KZ,2024-09-15,-19527896.4,-138430.33,DEBIT,Shopping
KZ84317981414,2024-09-15,KASPI SHOP PURCHASE,2024-09-15,-19120160.5,-7932.56,DEBIT,Shopping
KZ84317981414,2024-09-15,FREEDOM FINANCE EMI,2024-09-15,-19744930.24,-50443.94,DEBIT,Loan & Finance
KZ84317981414,2024-09-16,MCDONALDS ALMATY,2024-09-16,-18796458.16,-2611.9,DEBIT,Food & Dining
KZ84317981414,2024-09-16,TECHNODOM KZ,2024-09-16,-20285766.19,-138430.33,DEBIT,Shopping
KZ84317981414,2024-09-17,ЖКХ КОММУНАЛКА,2024-09-17,-19153944.39,-29286.96,DEBIT,Utilities
KZ84317981414,2024-09-17,FREEDOM FINANCE EMI,2024-09-17,-18646375.13,-72417.49,DEBIT,Loan & Finance
KZ84317981414,2024-09-17,INSURANCE PAYMENT,2024-09-17,-19546165.0,-12614.86,DEBIT,Loan & Finance
KZ84317981414,2024-09-17,INSURANCE PAYMENT,2024-09-17,-20034772.29,-17552.5,DEBIT,Loan & Finance
KZ84317981414,2024-09-17,KASPI KREDIT PAYMENT,2024-09-17,-19389466.07,-101588.9,DEBIT,Loan & Finance
KZ84317981414,2024-09-18,SKILLBOX KZ,2024-09-18,-18559199.05,-44632.09,DEBIT,Education
KZ84317981414,2024-09-18,UNIVERSITY TUITION,2024-09-18,-18784805.46,-138430.33,DEBIT,Education
KZ84317981414,2024-09-18,AIR ASTANA TICKET,2024-09-18,-21176733.81,-138430.33,DEBIT,Transport
KZ84317981414,2024-09-18,WOLT DELIVERY,2024-09-18,-17390669.6,-12023.2,DEBIT,Food & Dining
KZ84317981414,2024-09-19,GLOVO*ORDER,2024-09-19,-17712697.76,-4804.45,DEBIT,Food & Dining
KZ84317981414,2024-09-19,APTEKA SAINT LUKE,2024-09-19,-17555527.77,-2915.48,DEBIT,Healthcare
KZ84317981414,2024-09-19,KASPI SHOP PURCHASE,2024-09-19,-17546503.03,-126126.38,DEBIT,Shopping
KZ84317981414,2024-09-20,YANDEX GO RIDE,2024-09-20,-17420376.64,-1274.2,DEBIT,Transport
KZ84317981414,2024-09-21,KTZ RAILWAY TICKET,2024-09-21,-20141783.71,-23715.84,DEBIT,Transport
KZ84317981414,2024-09-21,MEDICALCENTER KZ,2024-09-21,-20430408.71,-41940.37,DEBIT,Healthcare
KZ84317981414,2024-09-21,MCDONALDS ALMATY,2024-09-21,-20548297.48,-3095.44,DEBIT,Food & Dining
KZ84317981414,2024-09-21,MAGNUM SUPERMARKET,2024-09-21,-17362521.76,-20766.88,DEBIT,Shopping
KZ84317981414,2024-09-21,UDEMY COURSE,2024-09-21,-18431496.04,-5631.18,DEBIT,Education
KZ84317981414,2024-09-22,KASPI SHOP PURCHASE,2024-09-22,-19937848.36,-138231.47,DEBIT,Shopping
KZ84317981414,2024-09-22,KCELL PAYMENT,2024-09-22,-20569413.5,-4616.02,DEBIT,Utilities
KZ84317981414,2024-09-22,SKILLBOX KZ,2024-09-22,-20799651.56,-35795.83,DEBIT,Education
KZ84317981414,2024-09-22,KFC ALMATY,2024-09-22,-20147335.86,-5552.15,DEBIT,Food & Dining
KZ84317981414,2024-09-23,APTEKA 36.6,2024-09-23,-18045864.02,-13304.16,DEBIT,Healthcare
KZ84317981414,2024-09-23,KTZ RAILWAY TICKET,2024-09-23,-20578464.21,-9050.72,DEBIT,Transport
KZ84317981414,2024-09-23,KASPI KREDIT PAYMENT,2024-09-23,-20319798.28,-34032.09,DEBIT,Loan & Finance
KZ84317981414,2024-09-23,KASPI SHOP PURCHASE,2024-09-23,-18019734.22,-77105.37,DEBIT,Shopping
KZ84317981414,2024-09-24,METRO CASH AND CARRY,2024-09-24,-20376961.0,-52905.89,DEBIT,Shopping
KZ84317981414,2024-09-24,KCELL PAYMENT,2024-09-24,-20324055.11,-4256.83,DEBIT,Utilities
KZ84317981414,2024-09-24,METRO CASH AND CARRY,2024-09-24,-19793133.9,-23577.51,DEBIT,Shopping
KZ84317981414,2024-09-24,АЗС SINOOIL FUEL,2024-09-24,-18793846.25,-9040.79,DEBIT,Transport
KZ84317981414,2024-09-25,MEDICALCENTER KZ,2024-09-25,-20118067.87,-83295.58,DEBIT,Healthcare
KZ84317981414,2024-09-25,ВОДОКАНАЛ PAYMENT,2024-09-25,-17552612.29,-6109.26,DEBIT,Utilities
KZ84317981414,2024-09-27,SMALL SUPERMARKET,2024-09-27,-21618254.98,-9720.28,DEBIT,Shopping
KZ84317981414,2024-09-27,BURGER KING KZ,2024-09-27,-21303062.35,-2162.47,DEBIT,Food & Dining
KZ84317981414,2024-09-27,GLOVO*ORDER,2024-09-27,-20696859.61,-7384.6,DEBIT,Food & Dining
KZ84317981414,2024-09-28,KTZ RAILWAY TICKET,2024-09-28,-21318548.82,-15486.47,DEBIT,Transport
KZ84317981414,2024-09-28,BURGER KING KZ,2024-09-28,-21708972.47,-1553.62,DEBIT,Food & Dining
KZ84317981414,2024-09-28,MAGNUM SUPERMARKET,2024-09-28,-21243059.29,-17420.65,DEBIT,Shopping
KZ84317981414,2024-09-28,SALARY HALYK BANK,2024-09-28,-20595256.41,594701.82,CREDIT,Income
KZ84317981414,2024-09-29,АЗС HELIOS PETROL,2024-09-29,-21689190.98,-11794.28,DEBIT,Transport
KZ84317981414,2024-09-29,KFC ALMATY,2024-09-29,-21327872.56,-3001.37,DEBIT,Food & Dining
KZ84317981414,2024-09-29,ALMATY ENERGO ELECTRIC,2024-09-29,-22360806.67,-5618.74,DEBIT,Utilities
KZ84317981414,2024-09-29,KAZAKHTELECOM INTERNET,2024-09-29,-21718538.59,-7160.72,DEBIT,Utilities
KZ84317981414,2024-09-30,MCDONALDS ALMATY,2024-09-30,-20718495.72,-2383.16,DEBIT,Food & Dining
KZ84317981414,2024-09-30,TELE2 KZ PAYMENT,2024-09-30,-21968054.19,-2235.64,DEBIT,Utilities
KZ84317981414,2024-09-30,METRO CASH AND CARRY,2024-09-30,-21143010.36,-26818.69,DEBIT,Shopping
KZ84317981414,2024-09-30,MAGNUM SUPERMARKET,2024-09-30,-22417876.82,-8145.49,DEBIT,Shopping
KZ84317981414,2024-10-01,MAGNUM SUPERMARKET,2024-10-01,-20659763.59,-11359.07,DEBIT,Shopping
KZ84317981414,2024-10-01,SMALL SUPERMARKET,2024-10-01,-22205337.97,-10531.72,DEBIT,Shopping
KZ84317981414,2024-10-01,АЗС HELIOS PETROL,2024-10-01,-21995455.04,-14412.36,DEBIT,Transport
KZ84317981414,2024-10-01,KASPI KREDIT PAYMENT,2024-10-01,-21608534.7,-67438.52,DEBIT,Loan & Finance
KZ84317981414,2024-10-02,BEELINE KZ RECHARGE,2024-10-02,-21652799.58,-1996.72,DEBIT,Utilities
KZ84317981414,2024-10-02,LOCAL CAFE,2024-10-02,-21324871.19,-2905.53,DEBIT,Food & Dining
KZ84317981414,2024-10-02,BEELINE KZ RECHARGE,2024-10-02,-20648404.52,-2238.37,DEBIT,Utilities
KZ84317981414,2024-10-02,KASPI SHOP PURCHASE,2024-10-02,-21086499.01,-48009.38,DEBIT,Shopping
KZ84317981414,2024-10-03,ЖКХ КОММУНАЛКА,2024-10-03,-20624761.49,-29505.08,DEBIT,Utilities
KZ84317981414,2024-10-03,BEELINE KZ RECHARGE,2024-10-03,-20645623.2,-3048.46,DEBIT,Utilities
KZ84317981414,2024-10-03,SKILLBOX KZ,2024-10-03,-21300899.88,-57840.59,DEBIT,Education
KZ84317981414,2024-10-03,ЖКХ КОММУНАЛКА,2024-10-03,-21963480.41,-23899.18,DEBIT,Utilities
KZ84317981414,2024-10-03,KASPI KREDIT PAYMENT,2024-10-03,-22194806.26,-63195.22,DEBIT,Loan & Finance
KZ84317981414,2024-10-03,MEDICALCENTER KZ,2024-10-03,-21225638.65,-37328.34,DEBIT,Healthcare
KZ84317981414,2024-10-04,COURSERA SUBSCRIPTION,2024-10-04,-20995650.52,-15000.0,DEBIT,Education
KZ84317981414,2024-10-04,GLOVO*ORDER,2024-10-04,-22214803.12,-9465.15,DEBIT,Food & Dining
KZ84317981414,2024-10-04,INDRIVE TRIP,2024-10-04,-20646166.15,-542.95,DEBIT,Transport
KZ84317981414,2024-10-04,KAZAKHTELECOM INTERNET,2024-10-04,-21693739.34,-4548.36,DEBIT,Utilities
KZ84317981414,2024-10-05,ALMATY ENERGO ELECTRIC,2024-10-05,-22713384.14,-5325.76,DEBIT,Utilities
KZ84317981414,2024-10-05,SULPAK ELECTRONICS,2024-10-05,-20748967.66,-25811.37,DEBIT,Shopping
KZ84317981414,2024-10-06,OLYMPIC PLUS CLINIC,2024-10-06,-21981042.67,-8573.96,DEBIT,Healthcare
KZ84317981414,2024-10-07,INDRIVE TRIP,2024-10-07,-21711377.88,-2405.4,DEBIT,Transport
KZ84317981414,2024-10-07,UNUSUAL LARGE TRANSACTION,2024-10-07,-23069388.35,-325689.03,DEBIT,Other
KZ84317981414,2024-10-07,YANDEX GO RIDE,2024-10-07,-22743699.33,-722.87,DEBIT,Transport
KZ84317981414,2024-10-07,KFC ALMATY,2024-10-07,-21707418.85,-5941.97,DEBIT,Food & Dining
KZ84317981414,2024-10-07,BURGER KING KZ,2024-10-07,-20636681.99,-3655.6,DEBIT,Food & Dining
KZ84317981414,2024-10-07,ЖКХ КОММУНАЛКА,2024-10-07,-21038489.63,-28092.3,DEBIT,Utilities
KZ84317981414,2024-10-08,METRO CASH AND CARRY,2024-10-08,-22024912.55,-29457.51,DEBIT,Shopping
KZ84317981414,2024-10-08,SULPAK ELECTRONICS,2024-10-08,-21541096.18,-74879.6,DEBIT,Shopping
KZ84317981414,2024-10-09,SMALL SUPERMARKET,2024-10-09,-20633026.39,-8264.9,DEBIT,Shopping
KZ84317981414,2024-10-09,SULPAK ELECTRONICS,2024-10-09,-22131611.04,-97799.25,DEBIT,Shopping
KZ84317981414,2024-10-10,CHOCOFOOD ORDER,2024-10-10,-20723156.29,-4660.57,DEBIT,Food & Dining
KZ84317981414,2024-10-10,BEELINE KZ RECHARGE,2024-10-10,-20639869.79,-3187.8,DEBIT,Utilities
KZ84317981414,2024-10-10,KTZ RAILWAY TICKET,2024-10-10,-22234592.13,-9552.53,DEBIT,Transport
KZ84317981414,2024-10-11,KFC ALMATY,2024-10-11,-21965818.55,-2338.14,DEBIT,Food & Dining
KZ84317981414,2024-10-11,MAGNUM SUPERMARKET,2024-10-11,-22562979.74,-6588.74,DEBIT,Shopping
KZ84317981414,2024-10-11,YANDEX GO RIDE,2024-10-11,-21695801.19,-2061.86,DEBIT,Transport
KZ84317981414,2024-10-11,KASPI KREDIT PAYMENT,2024-10-11,-21677396.7,-24597.12,DEBIT,Loan & Finance
KZ84317981414,2024-10-12,SULPAK ELECTRONICS,2024-10-12,-21835954.58,-83281.65,DEBIT,Shopping
KZ84317981414,2024-10-12,INSURANCE PAYMENT,2024-10-12,-22708058.37,-14681.9,DEBIT,Loan & Finance
KZ84317981414,2024-10-12,UDEMY COURSE,2024-10-12,-22592328.49,-14348.76,DEBIT,Education
KZ84317981414,2024-10-12,CHOCOFOOD ORDER,2024-10-12,-20704619.5,-7759.89,DEBIT,Food & Dining
KZ84317981414,2024-10-12,WOLT DELIVERY,2024-10-12,-21626405.04,-8150.06,DEBIT,Food & Dining
KZ84317981414,2024-10-12,LOCAL CAFE,2024-10-12,-22249537.78,-1813.62,DEBIT,Food & Dining
KZ84317981414,2024-10-13,TECHNODOM KZ,2024-10-13,-20975518.27,-97360.07,DEBIT,Shopping
KZ84317981414,2024-10-13,WILDBERRIES KZ,2024-10-13,-20787484.6,-31045.22,DEBIT,Shopping
KZ84317981414,2024-10-13,APTEKA SAINT LUKE,2024-10-13,-21321965.66,-3416.84,DEBIT,Healthcare
KZ84317981414,2024-10-14,FREEDOM FINANCE EMI,2024-10-14,-21901839.9,-65885.32,DEBIT,Loan & Finance
KZ84317981414,2024-10-15,COURSERA SUBSCRIPTION,2024-10-15,-21641405.04,-15000.0,DEBIT,Education
KZ84317981414,2024-10-15,GLOVO*ORDER,2024-10-15,-22033811.78,-5082.02,DEBIT,Food & Dining
KZ84317981414,2024-10-15,KAZAKHTELECOM INTERNET,2024-10-15,-20980650.52,-5132.26,DEBIT,Utilities
KZ84317981414,2024-10-16,АЗС HELIOS PETROL,2024-10-16,-22247724.16,-9271.8,DEBIT,Transport
KZ84317981414,2024-10-16,COURSERA SUBSCRIPTION,2024-10-16,-20681215.68,-15000.0,DEBIT,Education
KZ84317981414,2024-10-16,KASPI KREDIT PAYMENT,2024-10-16,-21185940.58,-42930.23,DEBIT,Loan & Finance
KZ84317981414,2024-10-16,APTEKA SAINT LUKE,2024-10-16,-21972468.71,-4414.53,DEBIT,Healthcare
KZ84317981414,2024-10-16,LOCAL CAFE,2024-10-16,-22028729.76,-3817.21,DEBIT,Food & Dining
KZ84317981414,2024-10-16,ЖКХ КОММУНАЛКА,2024-10-16,-21752672.92,-34134.33,DEBIT,Utilities
KZ84317981414,2024-10-16,CHOCOFOOD ORDER,2024-10-16,-21650802.86,-9397.82,DEBIT,Food & Dining
KZ84317981414,2024-10-17,KASPI SHOP PURCHASE,2024-10-17,-20875391.84,-87907.24,DEBIT,Shopping
KZ84317981414,2024-10-18,KCELL PAYMENT,2024-10-18,-21939581.23,-4399.66,DEBIT,Utilities
KZ84317981414,2024-10-18,LOCAL CAFE,2024-10-18,-20878158.2,-2766.36,DEBIT,Food & Dining
KZ84317981414,2024-10-18,KAZAKHTELECOM INTERNET,2024-10-18,-20666215.68,-6452.09,DEBIT,Utilities
KZ84317981414,2024-10-18,АЗС HELIOS PETROL,2024-10-18,-20689475.01,-8259.33,DEBIT,Transport
KZ84317981414,2024-10-18,OLYMPIC PLUS CLINIC,2024-10-18,-21466216.57,-20368.38,DEBIT,Healthcare
KZ84317981414,2024-10-19,KAZAKHTELECOM INTERNET,2024-10-19,-22693376.47,-6808.46,DEBIT,Utilities
KZ84317981414,2024-10-19,TECHNODOM KZ,2024-10-19,-22686568.01,-94239.51,DEBIT,Shopping
KZ84317981414,2024-10-19,SULPAK ELECTRONICS,2024-10-19,-22355187.93,-105650.16,DEBIT,Shopping
KZ84317981414,2024-10-20,FLY ARYSTAN,2024-10-20,-22409731.33,-48924.66,DEBIT,Transport
KZ84317981414,2024-10-20,WOLT DELIVERY,2024-10-20,-20756439.38,-7471.72,DEBIT,Food & Dining
KZ84317981414,2024-10-20,KFC ALMATY,2024-10-20,-21188310.31,-2369.73,DEBIT,Food & Dining
KZ84317981414,2024-10-20,AIR ASTANA TICKET,2024-10-20,-21433669.01,-105796.45,DEBIT,Transport
KZ84317981414,2024-10-20,UDEMY COURSE,2024-10-20,-21445848.19,-12179.18,DEBIT,Education
KZ84317981414,2024-10-21,SKILLBOX KZ,2024-10-21,-22742976.46,-27148.97,DEBIT,Education
KZ84317981414,2024-10-21,GLOVO*ORDER,2024-10-21,-21933363.85,-14818.38,DEBIT,Food & Dining
KZ84317981414,2024-10-22,TELE2 KZ PAYMENT,2024-10-22,-20642574.74,-2704.94,DEBIT,Utilities
KZ84317981414,2024-10-22,ALMATY ENERGO ELECTRIC,2024-10-22,-21010397.33,-14746.81,DEBIT,Utilities
KZ84317981414,2024-10-22,KAZAKHTELECOM INTERNET,2024-10-22,-21701476.88,-5675.68,DEBIT,Utilities
KZ84317981414,2024-10-24,KASPI KREDIT PAYMENT,2024-10-24,-21116191.67,-29692.65,DEBIT,Loan & Finance
KZ84317981414,2024-10-24,ALMATY ENERGO ELECTRIC,2024-10-24,-22225039.59,-10236.47,DEBIT,Utilities
KZ84317981414,2024-10-24,TELE2 KZ PAYMENT,2024-10-24,-22715827.49,-2443.36,DEBIT,Utilities
KZ84317981414,2024-10-24,COURSERA SUBSCRIPTION,2024-10-24,-22577979.74,-15000.0,DEBIT,Education
KZ84317981414,2024-10-24,GLOVO*ORDER,2024-10-24,-20716112.56,-11493.06,DEBIT,Food & Dining
KZ84317981414,2024-10-24,ВОДОКАНАЛ PAYMENT,2024-10-24,-22238452.36,-3860.23,DEBIT,Utilities
KZ84317981414,2024-10-25,INSURANCE PAYMENT,2024-10-25,-21913492.14,-11652.24,DEBIT,Loan & Finance
KZ84317981414,2024-10-25,LOCAL CAFE,2024-10-25,-21935181.57,-1817.72,DEBIT,Food & Dining
KZ84317981414,2024-10-25,KAZAKHTELECOM INTERNET,2024-10-25,-21918545.47,-5053.33,DEBIT,Utilities
KZ84317981414,2024-10-25,SULPAK ELECTRONICS,2024-10-25,-22556391.0,-138514.18,DEBIT,Shopping
KZ84317981414,2024-10-27,ЖКХ КОММУНАЛКА,2024-10-27,-23071421.54,-38243.35,DEBIT,Utilities
KZ84317981414,2024-10-27,TELE2 KZ PAYMENT,2024-10-27,-24884279.89,-3462.19,DEBIT,Utilities
KZ84317981414,2024-10-27,SKILLBOX KZ,2024-10-27,-24880817.71,-56566.55,DEBIT,Education
KZ84317981414,2024-10-27,SULPAK ELECTRONICS,2024-10-27,-24053544.32,-21437.12,DEBIT,Shopping
KZ84317981414,2024-10-27,CHOCOFOOD ORDER,2024-10-27,-24185786.25,-7266.21,DEBIT,Food & Dining
KZ84317981414,2024-10-27,INDRIVE TRIP,2024-10-27,-24239405.44,-888.36,DEBIT,Transport
KZ84317981414,2024-10-28,UDEMY COURSE,2024-10-28,-23255838.82,-13416.12,DEBIT,Education
KZ84317981414,2024-10-28,COURSERA SUBSCRIPTION,2024-10-28,-24272843.63,-15000.0,DEBIT,Education
KZ84317981414,2024-10-28,ALMATY ENERGO ELECTRIC,2024-10-28,-24606769.81,-8340.25,DEBIT,Utilities
KZ84317981414,2024-10-28,SALARY HALYK BANK,2024-10-28,-22445088.97,624299.38,CREDIT,Income
KZ84317981414,2024-10-29,KAZAKHTELECOM INTERNET,2024-10-29,-24221223.95,-6636.7,DEBIT,Utilities
KZ84317981414,2024-10-30,BEELINE KZ RECHARGE,2024-10-30,-24824251.16,-1917.83,DEBIT,Utilities
KZ84317981414,2024-10-30,COURSERA SUBSCRIPTION,2024-10-30,-23869777.57,-15000.0,DEBIT,Education
KZ84317981414,2024-10-30,SKILLBOX KZ,2024-10-30,-22613355.64,-41850.03,DEBIT,Education
KZ84317981414,2024-10-30,MAGNUM SUPERMARKET,2024-10-30,-22995484.15,-23436.03,DEBIT,Shopping
KZ84317981414,2024-10-31,SULPAK ELECTRONICS,2024-10-31,-24533252.61,-56896.9,DEBIT,Shopping
KZ84317981414,2024-10-31,SKILLBOX KZ,2024-10-31,-24661493.88,-54724.07,DEBIT,Education
KZ84317981414,2024-10-31,APTEKA 36.6,2024-10-31,-25014696.0,-4593.77,DEBIT,Healthcare
KZ84317981414,2024-10-31,ВОДОКАНАЛ PAYMENT,2024-10-31,-23897477.32,-3128.04,DEBIT,Utilities
KZ84317981414,2024-10-31,INVIVO CLINIC,2024-10-31,-23026855.06,-22133.17,DEBIT,Healthcare
KZ84317981414,2024-10-31,INSURANCE PAYMENT,2024-10-31,-23926183.86,-15377.24,DEBIT,Loan & Finance
KZ84317981414,2024-11-01,SMALL SUPERMARKET,2024-11-01,-24786646.69,-14893.08,DEBIT,Shopping
KZ84317981414,2024-11-01,GLOVO*ORDER,2024-11-01,-25022497.38,-7801.38,DEBIT,Food & Dining
KZ84317981414,2024-11-02,OLYMPIC PLUS CLINIC,2024-11-02,-24590335.39,-44801.64,DEBIT,Healthcare
KZ84317981414,2024-11-03,SMALL SUPERMARKET,2024-11-03,-24598429.56,-8094.17,DEBIT,Shopping
KZ84317981414,2024-11-03,KASPI KREDIT PAYMENT,2024-11-03,-24028891.48,-70806.75,DEBIT,Loan & Finance
KZ84317981414,2024-11-03,APTEKA 36.6,2024-11-03,-24674666.93,-13173.06,DEBIT,Healthcare
KZ84317981414,2024-11-03,TECHNODOM KZ,2024-11-03,-23230928.69,-149831.85,DEBIT,Shopping
KZ84317981414,2024-11-03,WILDBERRIES KZ,2024-11-03,-23842640.91,-79043.1,DEBIT,Shopping
KZ84317981414,2024-11-03,KASPI SHOP PURCHASE,2024-11-03,-23489594.6,-134910.82,DEBIT,Shopping
KZ84317981414,2024-11-04,KTZ RAILWAY TICKET,2024-11-04,-24178520.04,-7126.28,DEBIT,Transport
KZ84317981414,2024-11-04,MAGNUM SUPERMARKET,2024-11-04,-23953526.01,-27342.15,DEBIT,Shopping
KZ84317981414,2024-11-04,АЗС SINOOIL FUEL,2024-11-04,-23081096.84,-9675.3,DEBIT,Transport
KZ84317981414,2024-11-04,KASPI SHOP PURCHASE,2024-11-04,-22519673.48,-51603.78,DEBIT,Shopping
KZ84317981414,2024-11-04,INVIVO CLINIC,2024-11-04,-23903277.4,-5800.08,DEBIT,Healthcare
KZ84317981414,2024-11-05,TELE2 KZ PAYMENT,2024-11-05,-23314612.88,-1730.19,DEBIT,Utilities
KZ84317981414,2024-11-06,АЗС HELIOS PETROL,2024-11-06,-22540517.36,-14549.2,DEBIT,Transport
KZ84317981414,2024-11-06,CHOCOFOOD ORDER,2024-11-06,-23312882.68,-6392.08,DEBIT,Food & Dining
KZ84317981414,2024-11-07,SULPAK ELECTRONICS,2024-11-07,-23688127.43,-149831.85,DEBIT,Shopping
KZ84317981414,2024-11-07,KCELL PAYMENT,2024-11-07,-22972048.12,-4812.57,DEBIT,Utilities
KZ84317981414,2024-11-07,METRO CASH AND CARRY,2024-11-07,-24476355.71,-45116.68,DEBIT,Shopping
KZ84317981414,2024-11-08,SULPAK ELECTRONICS,2024-11-08,-25002655.89,-57123.91,DEBIT,Shopping
KZ84317981414,2024-11-08,SMALL SUPERMARKET,2024-11-08,-23239039.08,-8110.39,DEBIT,Shopping
KZ84317981414,2024-11-10,OLYMPIC PLUS CLINIC,2024-11-10,-24822333.32,-35686.64,DEBIT,Healthcare
KZ84317981414,2024-11-10,WOLT DELIVERY,2024-11-10,-23306490.6,-2926.15,DEBIT,Food & Dining
KZ84317981414,2024-11-10,CHOCOFOOD ORDER,2024-11-10,-22791184.32,-5233.1,DEBIT,Food & Dining
KZ84317981414,2024-11-10,AIR ASTANA TICKET,2024-11-10,-22967235.55,-44607.55,DEBIT,Transport
KZ84317981414,2024-11-10,SULPAK ELECTRONICS,2024-11-10,-24945531.97,-26731.36,DEBIT,Shopping
KZ84317981414,2024-11-11,ЖКХ КОММУНАЛКА,2024-11-11,-24207536.31,-21750.06,DEBIT,Utilities
KZ84317981414,2024-11-11,SMALL SUPERMARKET,2024-11-11,-24214587.25,-7050.95,DEBIT,Shopping
KZ84317981414,2024-11-11,COURSERA SUBSCRIPTION,2024-11-11,-23890063.53,-15000.0,DEBIT,Education
KZ84317981414,2024-11-11,SMALL SUPERMARKET,2024-11-11,-24431239.03,-8563.54,DEBIT,Shopping
KZ84317981414,2024-11-12,WILDBERRIES KZ,2024-11-12,-23958084.73,-4558.72,DEBIT,Shopping
KZ84317981414,2024-11-12,CHOCOFOOD ORDER,2024-11-12,-25010102.22,-7446.34,DEBIT,Food & Dining
KZ84317981414,2024-11-12,BURGER KING KZ,2024-11-12,-23292628.53,-5925.37,DEBIT,Food & Dining
KZ84317981414,2024-11-12,SMALL SUPERMARKET,2024-11-12,-23303564.45,-10935.92,DEBIT,Shopping
KZ84317981414,2024-11-13,MAGNUM SUPERMARKET,2024-11-13,-23033178.19,-6323.13,DEBIT,Shopping
KZ84317981414,2024-11-13,WILDBERRIES KZ,2024-11-13,-22468069.7,-22980.73,DEBIT,Shopping
KZ84317981414,2024-11-13,UDEMY COURSE,2024-11-13,-22629913.79,-12560.06,DEBIT,Education
KZ84317981414,2024-11-13,INVIVO CLINIC,2024-11-13,-24158231.73,-23107.52,DEBIT,Healthcare
KZ84317981414,2024-11-14,APTEKA 36.6,2024-11-14,-23875063.53,-5285.96,DEBIT,Healthcare
KZ84317981414,2024-11-14,APTEKA SAINT LUKE,2024-11-14,-22525968.16,-6294.68,DEBIT,Healthcare
KZ84317981414,2024-11-14,TELE2 KZ PAYMENT,2024-11-14,-22614738.91,-1383.26,DEBIT,Utilities
KZ84317981414,2024-11-14,MAGNUM SUPERMARKET,2024-11-14,-24257843.63,-18438.19,DEBIT,Shopping
KZ84317981414,2024-11-14,KASPI SHOP PURCHASE,2024-11-14,-23748597.81,-60470.38,DEBIT,Shopping
KZ84317981414,2024-11-14,INVIVO CLINIC,2024-11-14,-23281327.33,-20269.19,DEBIT,Healthcare
KZ84317981414,2024-11-15,WILDBERRIES KZ,2024-11-15,-24545533.75,-12281.14,DEBIT,Shopping
KZ84317981414,2024-11-15,INSURANCE PAYMENT,2024-11-15,-24135124.2,-17901.25,DEBIT,Loan & Finance
KZ84317981414,2024-11-15,COURSERA SUBSCRIPTION,2024-11-15,-23763597.81,-15000.0,DEBIT,Education
KZ84317981414,2024-11-16,АЗС SINOOIL FUEL,2024-11-16,-24111969.57,-7279.54,DEBIT,Transport
KZ84317981414,2024-11-16,KCELL PAYMENT,2024-11-16,-22617353.73,-2614.82,DEBIT,Utilities
KZ84317981414,2024-11-17,KCELL PAYMENT,2024-11-17,-23894349.28,-4285.75,DEBIT,Utilities
KZ84317981414,2024-11-18,INSURANCE PAYMENT,2024-11-18,-22556505.61,-15988.25,DEBIT,Loan & Finance
KZ84317981414,2024-11-18,INSURANCE PAYMENT,2024-11-18,-23286703.16,-5375.82,DEBIT,Loan & Finance
KZ84317981414,2024-11-18,KFC ALMATY,2024-11-18,-23327888.79,-6252.06,DEBIT,Food & Dining
KZ84317981414,2024-11-18,BEELINE KZ RECHARGE,2024-11-18,-22636119.37,-2300.22,DEBIT,Utilities
KZ84317981414,2024-11-18,HALYK FINANCE LOAN,2024-11-18,-23538295.58,-48700.98,DEBIT,Loan & Finance
KZ84317981414,2024-11-18,UNIVERSITY TUITION,2024-11-18,-22785951.22,-149831.85,DEBIT,Education
KZ84317981414,2024-11-18,MCDONALDS ALMATY,2024-11-18,-23906234.7,-2957.3,DEBIT,Food & Dining
KZ84317981414,2024-11-19,FREEDOM FINANCE EMI,2024-11-19,-24918800.61,-34520.72,DEBIT,Loan & Finance
KZ84317981414,2024-11-19,COURSERA SUBSCRIPTION,2024-11-19,-22571505.61,-15000.0,DEBIT,Education
KZ84317981414,2024-11-19,OLYMPIC PLUS CLINIC,2024-11-19,-23004721.89,-9237.74,DEBIT,Healthcare
KZ84317981414,2024-11-19,KAZAKHTELECOM INTERNET,2024-11-19,-24117222.95,-5253.38,DEBIT,Utilities
KZ84317981414,2024-11-19,WILDBERRIES KZ,2024-11-19,-24104690.04,-51145.72,DEBIT,Shopping
KZ84317981414,2024-11-19,KCELL PAYMENT,2024-11-19,-22794639.67,-3455.34,DEBIT,Utilities
KZ84317981414,2024-11-19,BURGER KING KZ,2024-11-19,-23242422.7,-3383.62,DEBIT,Food & Dining
KZ84317981414,2024-11-20,COURSERA SUBSCRIPTION,2024-11-20,-24238517.09,-15000.0,DEBIT,Education
KZ84317981414,2024-11-20,TELE2 KZ PAYMENT,2024-11-20,-24223517.09,-2293.13,DEBIT,Utilities
KZ84317981414,2024-11-20,APTEKA SAINT LUKE,2024-11-20,-23910806.62,-4571.92,DEBIT,Healthcare
KZ84317981414,2024-11-21,UNIVERSITY TUITION,2024-11-21,-24422675.49,-149831.85,DEBIT,Education
KZ84317981414,2024-11-21,APTEKA 36.6,2024-11-21,-24171393.76,-13162.03,DEBIT,Healthcare
KZ84317981414,2024-11-21,UNIVERSITY TUITION,2024-11-21,-22922628.0,-120082.67,DEBIT,Education
KZ84317981414,2024-11-21,ALMATY ENERGO ELECTRIC,2024-11-21,-23854777.57,-12136.66,DEBIT,Utilities
KZ84317981414,2024-11-22,ВОДОКАНАЛ PAYMENT,2024-11-22,-22633819.15,-3905.37,DEBIT,Utilities
KZ84317981414,2024-11-22,KFC ALMATY,2024-11-22,-24032107.19,-3215.72,DEBIT,Food & Dining
KZ84317981414,2024-11-23,COURSERA SUBSCRIPTION,2024-11-23,-23354683.78,-15000.0,DEBIT,Education
KZ84317981414,2024-11-23,HALYK FINANCE LOAN,2024-11-23,-24771753.6,-97086.67,DEBIT,Loan & Finance
KZ84317981414,2024-11-23,WOLT DELIVERY,2024-11-23,-23339683.78,-11794.99,DEBIT,Food & Dining
KZ84317981414,2024-11-24,APTEKA 36.6,2024-11-24,-23321636.72,-7023.85,DEBIT,Healthcare
KZ84317981414,2024-11-24,ВОДОКАНАЛ PAYMENT,2024-11-24,-23261058.15,-5219.32,DEBIT,Utilities
KZ84317981414,2024-11-24,KFC ALMATY,2024-11-24,-22802545.33,-7905.67,DEBIT,Food & Dining
KZ84317981414,2024-11-26,MAGNUM SUPERMARKET,2024-11-26,-28677095.89,-27121.73,DEBIT,Shopping
KZ84317981414,2024-11-26,WILDBERRIES KZ,2024-11-26,-25848910.96,-57549.13,DEBIT,Shopping
KZ84317981414,2024-11-26,MEDICALCENTER KZ,2024-11-26,-26796635.02,-34492.1,DEBIT,Healthcare
KZ84317981414,2024-11-26,METRO CASH AND CARRY,2024-11-26,-25767125.86,-48609.28,DEBIT,Shopping
KZ84317981414,2024-11-27,KASPI KREDIT PAYMENT,2024-11-27,-27149399.14,-38781.56,DEBIT,Loan & Finance
KZ84317981414,2024-11-27,METRO CASH AND CARRY,2024-11-27,-26101776.06,-19385.39,DEBIT,Shopping
KZ84317981414,2024-11-27,UNIVERSITY TUITION,2024-11-27,-28127366.46,-145428.67,DEBIT,Education
KZ84317981414,2024-11-27,SALARY HALYK BANK,2024-11-27,-24416544.58,605952.8,CREDIT,Income
KZ84317981414,2024-11-27,UNIVERSITY TUITION,2024-11-27,-28575445.33,-145428.67,DEBIT,Education
KZ84317981414,2024-11-28,MAGNUM SUPERMARKET,2024-11-28,-25899860.93,-23764.46,DEBIT,Shopping
KZ84317981414,2024-11-28,TELE2 KZ PAYMENT,2024-11-28,-28629898.09,-1986.8,DEBIT,Utilities
KZ84317981414,2024-11-29,WILDBERRIES KZ,2024-11-29,-28284587.99,-85316.96,DEBIT,Shopping
KZ84317981414,2024-11-29,APTEKA 36.6,2024-11-29,-25573087.91,-11008.06,DEBIT,Healthcare
KZ84317981414,2024-11-29,AIR ASTANA TICKET,2024-11-29,-27520385.33,-145428.67,DEBIT,Transport
KZ84317981414,2024-11-29,HALYK FINANCE LOAN,2024-11-29,-27057774.27,-96199.3,DEBIT,Loan & Finance
KZ84317981414,2024-11-29,АЗС HELIOS PETROL,2024-11-29,-25320365.86,-15705.16,DEBIT,Transport
KZ84317981414,2024-11-30,COURSERA SUBSCRIPTION,2024-11-30,-28646398.09,-16500.0,DEBIT,Education
KZ84317981414,2024-11-30,WOLT DELIVERY,2024-11-30,-27110617.58,-10913.27,DEBIT,Food & Dining
KZ84317981414,2024-11-30,WILDBERRIES KZ,2024-11-30,-26871243.42,-15815.78,DEBIT,Shopping
KZ84317981414,2024-11-30,WILDBERRIES KZ,2024-11-30,-24543353.6,-18274.03,DEBIT,Shopping
KZ84317981414,2024-12-01,BURGER KING KZ,2024-12-01,-27060101.74,-2327.47,DEBIT,Food & Dining
KZ84317981414,2024-12-01,ЖКХ КОММУНАЛКА,2024-12-01,-27842476.62,-43795.51,DEBIT,Utilities
KZ84317981414,2024-12-01,TECHNODOM KZ,2024-12-01,-27981937.79,-60928.51,DEBIT,Shopping
KZ84317981414,2024-12-01,APTEKA 36.6,2024-12-01,-24434809.76,-8676.23,DEBIT,Healthcare
KZ84317981414,2024-12-02,COURSERA SUBSCRIPTION,2024-12-02,-26813135.02,-16500.0,DEBIT,Education
KZ84317981414,2024-12-02,MAGNUM SUPERMARKET,2024-12-02,-26274514.23,-27309.5,DEBIT,Shopping
KZ84317981414,2024-12-02,WILDBERRIES KZ,2024-12-02,-24484512.72,-34567.4,DEBIT,Shopping
KZ84317981414,2024-12-02,APTEKA SAINT LUKE,2024-12-02,-26407390.83,-5333.07,DEBIT,Healthcare
KZ84317981414,2024-12-02,KTZ RAILWAY TICKET,2024-12-02,-25909506.75,-9645.82,DEBIT,Transport
KZ84317981414,2024-12-03,KCELL PAYMENT,2024-12-03,-26064555.27,-2427.91,DEBIT,Utilities
KZ84317981414,2024-12-03,BURGER KING KZ,2024-12-03,-27099704.31,-4882.54,DEBIT,Food & Dining
KZ84317981414,2024-12-03,AIR ASTANA TICKET,2024-12-03,-27784755.0,-145428.67,DEBIT,Transport
KZ84317981414,2024-12-04,INSURANCE PAYMENT,2024-12-04,-25058987.1,-12345.36,DEBIT,Loan & Finance
KZ84317981414,2024-12-04,MEDICALCENTER KZ,2024-12-04,-26544238.54,-76601.86,DEBIT,Healthcare
KZ84317981414,2024-12-04,INVIVO CLINIC,2024-12-04,-25215093.98,-10678.21,DEBIT,Healthcare
KZ84317981414,2024-12-05,KASPI SHOP PURCHASE,2024-12-05,-26047511.26,-105806.52,DEBIT,Shopping
KZ84317981414,2024-12-05,UNIVERSITY TUITION,2024-12-05,-25204415.77,-145428.67,DEBIT,Education
KZ84317981414,2024-12-05,HALYK FINANCE LOAN,2024-12-05,-27639326.33,-34308.54,DEBIT,Loan & Finance
KZ84317981414,2024-12-05,KASPI SHOP PURCHASE,2024-12-05,-26752310.28,-41257.69,DEBIT,Shopping
KZ84317981414,2024-12-05,UDEMY COURSE,2024-12-05,-25791361.83,-17182.89,DEBIT,Education
KZ84317981414,2024-12-06,SULPAK ELECTRONICS,2024-12-06,-26247204.73,-145428.67,DEBIT,Shopping
KZ84317981414,2024-12-06,WOLT DELIVERY,2024-12-06,-28686220.88,-9124.99,DEBIT,Food & Dining
KZ84317981414,2024-12-06,AIR ASTANA TICKET,2024-12-06,-25718516.58,-145428.67,DEBIT,Transport
KZ84317981414,2024-12-07,KAZAKHTELECOM INTERNET,2024-12-07,-24422477.36,-5932.78,DEBIT,Utilities
KZ84317981414,2024-12-07,GLOVO*ORDER,2024-12-07,-28140550.67,-13184.21,DEBIT,Food & Dining
KZ84317981414,2024-12-07,METRO CASH AND CARRY,2024-12-07,-24525079.57,-40566.85,DEBIT,Shopping
KZ84317981414,2024-12-08,OLYMPIC PLUS CLINIC,2024-12-08,-27921009.28,-51399.84,DEBIT,Healthcare
KZ84317981414,2024-12-09,KASPI SHOP PURCHASE,2024-12-09,-24722079.46,-145428.67,DEBIT,Shopping
KZ84317981414,2024-12-09,UDEMY COURSE,2024-12-09,-25941704.74,-16725.97,DEBIT,Education
KZ84317981414,2024-12-09,GLOVO*ORDER,2024-12-09,-27869609.44,-14616.86,DEBIT,Food & Dining
KZ84317981414,2024-12-09,ВОДОКАНАЛ PAYMENT,2024-12-09,-26816092.33,-2957.31,DEBIT,Utilities
KZ84317981414,2024-12-09,BURGER KING KZ,2024-12-09,-28579700.37,-4255.04,DEBIT,Food & Dining
KZ84317981414,2024-12-09,TECHNODOM KZ,2024-12-09,-28430016.66,-145428.67,DEBIT,Shopping
KZ84317981414,2024-12-09,ВОДОКАНАЛ PAYMENT,2024-12-09,-25771477.15,-4351.29,DEBIT,Utilities
KZ84317981414,2024-12-10,WILDBERRIES KZ,2024-12-10,-26855427.64,-35967.75,DEBIT,Shopping
KZ84317981414,2024-12-10,WOLT DELIVERY,2024-12-10,-27580827.0,-9233.56,DEBIT,Food & Dining
KZ84317981414,2024-12-12,MAGNUM SUPERMARKET,2024-12-12,-26762142.92,-9832.65,DEBIT,Shopping
KZ84317981414,2024-12-12,HALYK FINANCE LOAN,2024-12-12,-24963759.21,-100716.43,DEBIT,Loan & Finance
KZ84317981414,2024-12-13,SMALL SUPERMARKET,2024-12-13,-27595246.75,-2949.68,DEBIT,Shopping
KZ84317981414,2024-12-13,BEELINE KZ RECHARGE,2024-12-13,-26819459.89,-3367.56,DEBIT,Utilities
KZ84317981414,2024-12-13,ЖКХ КОММУНАЛКА,2024-12-13,-24567849.74,-24496.14,DEBIT,Utilities
KZ84317981414,2024-12-13,HALYK FINANCE LOAN,2024-12-13,-25304660.7,-79241.14,DEBIT,Loan & Finance
KZ84317981414,2024-12-14,АЗС HELIOS PETROL,2024-12-14,-27592297.06,-11470.07,DEBIT,Transport
KZ84317981414,2024-12-14,METRO CASH AND CARRY,2024-12-14,-25876096.47,-27185.51,DEBIT,Shopping
KZ84317981414,2024-12-15,METRO CASH AND CARRY,2024-12-15,-27563046.73,-27662.01,DEBIT,Shopping
KZ84317981414,2024-12-15,ВОДОКАНАЛ PAYMENT,2024-12-15,-26068995.6,-4440.33,DEBIT,Utilities
KZ84317981414,2024-12-15,SMALL SUPERMARKET,2024-12-15,-25225419.57,-10325.59,DEBIT,Shopping
KZ84317981414,2024-12-15,APTEKA SAINT LUKE,2024-12-15,-28627911.29,-1023.96,DEBIT,Healthcare
KZ84317981414,2024-12-15,UNIVERSITY TUITION,2024-12-15,-25461784.09,-141418.23,DEBIT,Education
KZ84317981414,2024-12-16,UNIVERSITY TUITION,2024-12-16,-26689667.21,-145428.67,DEBIT,Education
KZ84317981414,2024-12-16,TECHNODOM KZ,2024-12-16,-27371226.8,-145428.67,DEBIT,Shopping
KZ84317981414,2024-12-16,TECHNODOM KZ,2024-12-16,-25562079.85,-100295.76,DEBIT,Shopping
KZ84317981414,2024-12-16,WILDBERRIES KZ,2024-12-16,-26467636.68,-11177.58,DEBIT,Shopping
KZ84317981414,2024-12-16,OLYMPIC PLUS CLINIC,2024-12-16,-25004181.68,-40422.48,DEBIT,Healthcare
KZ84317981414,2024-12-17,MAGNUM SUPERMARKET,2024-12-17,-25046641.74,-10515.31,DEBIT,Shopping
KZ84317981414,2024-12-17,BEELINE KZ RECHARGE,2024-12-17,-24426133.53,-3656.16,DEBIT,Utilities
KZ84317981414,2024-12-17,ALMATY ENERGO ELECTRIC,2024-12-17,-27854992.58,-12515.96,DEBIT,Utilities
KZ84317981414,2024-12-17,ALMATY ENERGO ELECTRIC,2024-12-17,-26082390.67,-5774.23,DEBIT,Utilities
KZ84317981414,2024-12-17,HALYK FINANCE LOAN,2024-12-17,-24814831.85,-92752.39,DEBIT,Loan & Finance
KZ84317981414,2024-12-18,BEELINE KZ RECHARGE,2024-12-18,-24576650.79,-3051.06,DEBIT,Utilities
KZ84317981414,2024-12-18,APTEKA SAINT LUKE,2024-12-18,-28583896.86,-4196.49,DEBIT,Healthcare
KZ84317981414,2024-12-18,METRO CASH AND CARRY,2024-12-18,-28199271.02,-35376.87,DEBIT,Shopping
KZ84317981414,2024-12-18,INSURANCE PAYMENT,2024-12-18,-26076616.44,-7620.84,DEBIT,Loan & Finance
KZ84317981414,2024-12-18,SMALL SUPERMARKET,2024-12-18,-27535384.72,-14999.39,DEBIT,Shopping
KZ84317981414,2024-12-18,KASPI SHOP PURCHASE,2024-12-18,-26449176.03,-41785.2,DEBIT,Shopping
KZ84317981414,2024-12-18,INSURANCE PAYMENT,2024-12-18,-26711052.58,-21385.37,DEBIT,Loan & Finance
KZ84317981414,2024-12-18,ВОДОКАНАЛ PAYMENT,2024-12-18,-27374956.66,-3729.86,DEBIT,Utilities
KZ84317981414,2024-12-19,SULPAK ELECTRONICS,2024-12-19,-26961574.97,-67601.27,DEBIT,Shopping
KZ84317981414,2024-12-20,MAGNUM SUPERMARKET,2024-12-20,-27601301.36,-6054.61,DEBIT,Shopping
KZ84317981414,2024-12-21,BEELINE KZ RECHARGE,2024-12-21,-27603598.66,-2297.3,DEBIT,Utilities
KZ84317981414,2024-12-21,ЖКХ КОММУНАЛКА,2024-12-21,-28163894.15,-23343.48,DEBIT,Utilities
KZ84317981414,2024-12-21,ALMATY ENERGO ELECTRIC,2024-12-21,-24573599.73,-5749.99,DEBIT,Utilities
KZ84317981414,2024-12-21,BEELINE KZ RECHARGE,2024-12-21,-28649974.16,-3576.07,DEBIT,Utilities
KZ84317981414,2024-12-21,INDRIVE TRIP,2024-12-21,-26893973.7,-1086.47,DEBIT,Transport
KZ84317981414,2024-12-21,MEDICALCENTER KZ,2024-12-21,-27220830.98,-71431.84,DEBIT,Healthcare
KZ84317981414,2024-12-21,INSURANCE PAYMENT,2024-12-21,-27798681.11,-13926.11,DEBIT,Loan & Finance
KZ84317981414,2024-12-21,MCDONALDS ALMATY,2024-12-21,-27225798.13,-2520.44,DEBIT,Food & Dining
KZ84317981414,2024-12-21,TECHNODOM KZ,2024-12-21,-28626887.33,-42990.47,DEBIT,Shopping
KZ84317981414,2024-12-22,KCELL PAYMENT,2024-12-22,-27223277.69,-2446.71,DEBIT,Utilities
KZ84317981414,2024-12-22,SKILLBOX KZ,2024-12-22,-25036126.43,-31944.75,DEBIT,Education
KZ84317981414,2024-12-23,SMALL SUPERMARKET,2024-12-23,-25924978.77,-15472.02,DEBIT,Shopping
KZ84317981414,2024-12-23,LOCAL CAFE,2024-12-23,-25774178.94,-2701.79,DEBIT,Food & Dining
KZ84317981414,2024-12-23,MAGNUM SUPERMARKET,2024-12-23,-24449945.32,-15135.56,DEBIT,Shopping
KZ84317981414,2024-12-23,KAZAKHTELECOM INTERNET,2024-12-23,-26456459.09,-7283.06,DEBIT,Utilities
KZ84317981414,2024-12-24,АЗС SINOOIL FUEL,2024-12-24,-26062127.36,-14616.1,DEBIT,Transport
KZ84317981414,2024-12-24,MEDICALCENTER KZ,2024-12-24,-24863042.77,-48210.92,DEBIT,Healthcare
KZ84317981414,2024-12-24,TELE2 KZ PAYMENT,2024-12-24,-27605017.79,-1419.13,DEBIT,Utilities
KZ84317981414,2024-12-24,APTEKA 36.6,2024-12-24,-27571593.43,-8546.7,DEBIT,Healthcare
KZ84317981414,2024-12-24,OLYMPIC PLUS CLINIC,2024-12-24,-27094821.77,-34720.03,DEBIT,Healthcare
KZ84317981414,2024-12-24,HALYK FINANCE LOAN,2024-12-24,-26402057.77,-127543.53,DEBIT,Loan & Finance
KZ84317981414,2024-12-24,MAGNUM SUPERMARKET,2024-12-24,-26892887.24,-21643.82,DEBIT,Shopping
